0,0,hJphROsptTegWEg2mZBLlg5lUX8=,8IItvbwd/8ajoIqxJRd5FIXqhH4=
0,1,hJphROsptTegWEg2mZBLlg5lUX8=,8IItvbwd/8ajoIqxJRd5FIXqhH4=
0,2,hJphROsptTegWEg2mZBLlg5lUX8=,1ISpiEhLpheJDw8XZO3g9abjTGQ=
0,3,hJphROsptTegWEg2mZBLlg5lUX8=,trW9C8Q9yaUoR7e1O5EZtLKCq6s=
1,1,hJphROsptTegWEg2mZBLlg5lUX8=,3eclAkpvngLlV1u35Qe5o/DzyvA=
1,0,hJphROsptTegWEg2mZBLlg5lUX8=,3eclAkpvngLlV1u35Qe5o/DzyvA=
1,2,hJphROsptTegWEg2mZBLlg5lUX8=,lcjEMx6lLwTHmlKu83hcVq/X5a4=
2,2,G+DWAkcoRk3S2kjxGUI4HVL2EmA=,1sHFydl17CWZWEKTBTpICMyiYXk=
2,0,HqVfQr7pLoO/LvNdMV0cejKBXyE=,LuZ9ZH4F4ENBDzQ65m56DvkxKsc=
2,1,HqVfQr7pLoO/LvNdMV0cejKBXyE=,LuZ9ZH4F4ENBDzQ65m56DvkxKsc=
3,0,HqVfQr7pLoO/LvNdMV0cejKBXyE=,LfIv+DM59GSxllJ5vGcGaA6O0fs=
0,4,hJphROsptTegWEg2mZBLlg5lUX8=,k+2i0p2SeUy05etW48MoHEV5o0U=
4,0,EJu+6ssH84iHCizGyHS2A5X7nmY=,mcA0gXVOw9DIEqCKRPILTW7EDA0=
5,0,qIVoyxywpOlIXkTvnoNV1ipS7qs=,w6nbztYIQPqhyfDYXHCvRbI9EA0=
6,0,qIVoyxywpOlIXkTvnoNV1ipS7qs=,w6nbztYIQPqhyfDYXHCvRbI9EA0=
7,0,qIVoyxywpOlIXkTvnoNV1ipS7qs=,w6nbztYIQPqhyfDYXHCvRbI9EA0=
7,1,qIVoyxywpOlIXkTvnoNV1ipS7qs=,eC4PkdX7smNr1ZbUWngua60r7eQ=
8,0,qIVoyxywpOlIXkTvnoNV1ipS7qs=,w6nbztYIQPqhyfDYXHCvRbI9EA0=
8,1,qIVoyxywpOlIXkTvnoNV1ipS7qs=,FBaQXSyz5WMtitcqO1roQUZvP0U=
8,2,K54bX0KHPw3EbE6h6q7DXUMDDm4=,NAwAGenibjmE7QncuviVVVwj+mg=
9,9,0JvjnF0r+52UDPoMyWot1ysA/NA=,wESABoKXTrazLn1GY8i1t7bueeQ=
9,8,0JvjnF0r+52UDPoMyWot1ysA/NA=,yaxGPwBPGhCmYbCuYgY47MsqMG4=
8,3,K54bX0KHPw3EbE6h6q7DXUMDDm4=,NAwAGenibjmE7QncuviVVVwj+mg=
8,4,K54bX0KHPw3EbE6h6q7DXUMDDm4=,NAwAGenibjmE7QncuviVVVwj+mg=
8,5,v/wuTQ24l0c1ZguF36LQnUSTC/U=,NAwAGenibjmE7QncuviVVVwj+mg=
8,6,v/wuTQ24l0c1ZguF36LQnUSTC/U=,NAwAGenibjmE7QncuviVVVwj+mg=
8,7,qIVoyxywpOlIXkTvnoNV1ipS7qs=,ZqrfKVoBTX4AZf3b3lfB+nqF3Pc=
8,8,EJu+6ssH84iHCizGyHS2A5X7nmY=,TWqpgdsss6LPUCbYrzRV9rXJhiA=
8,9,0JvjnF0r+52UDPoMyWot1ysA/NA=,QrjZsoCjcDOsoE8Rk0IFaYBVNsA=
9,3,v/wuTQ24l0c1ZguF36LQnUSTC/U=,NAwAGenibjmE7QncuviVVVwj+mg=
9,2,v/wuTQ24l0c1ZguF36LQnUSTC/U=,NAwAGenibjmE7QncuviVVVwj+mg=
9,5,v/wuTQ24l0c1ZguF36LQnUSTC/U=,NAwAGenibjmE7QncuviVVVwj+mg=
9,4,v/wuTQ24l0c1ZguF36LQnUSTC/U=,NAwAGenibjmE7QncuviVVVwj+mg=
9,7,v/wuTQ24l0c1ZguF36LQnUSTC/U=,pBq0fI85Hf849Ude4O1a+Me+Ffw=
9,6,v/wuTQ24l0c1ZguF36LQnUSTC/U=,gehwhB8gB4kCKFTzA6mosRJ6dDY=
1,8,G+DWAkcoRk3S2kjxGUI4HVL2EmA=,FAwW7Ran5nsNJFGQAot95tokZFQ=
2,3,HqVfQr7pLoO/LvNdMV0cejKBXyE=,0RWU9ON0vdaGLTj1Hh3W0ec9cXs=
3,3,HqVfQr7pLoO/LvNdMV0cejKBXyE=,L6ESoSs238VKmR3uhv4EYGdKIzE=
3,1,HqVfQr7pLoO/LvNdMV0cejKBXyE=,xEBXeqLRUhm3paQ2s8rdmlTOmXs=
3,4,HqVfQr7pLoO/LvNdMV0cejKBXyE=,ks9wG7PyXSjM7d2GXcxA7ynUH4w=
4,4,EJu+6ssH84iHCizGyHS2A5X7nmY=,pRf5682RE0mM36TpnmFm4/8kBYI=
4,7,qIVoyxywpOlIXkTvnoNV1ipS7qs=,eC4PkdX7smNr1ZbUWngua60r7eQ=
4,8,qIVoyxywpOlIXkTvnoNV1ipS7qs=,eC4PkdX7smNr1ZbUWngua60r7eQ=
4,1,EJu+6ssH84iHCizGyHS2A5X7nmY=,e9RGc9kniyhRyAEu6K0liCHgPlg=
4,3,EJu+6ssH84iHCizGyHS2A5X7nmY=,e9RGc9kniyhRyAEu6K0liCHgPlg=
5,5,qIVoyxywpOlIXkTvnoNV1ipS7qs=,1sHFydl17CWZWEKTBTpICMyiYXk=
5,4,qIVoyxywpOlIXkTvnoNV1ipS7qs=,eC4PkdX7smNr1ZbUWngua60r7eQ=
6,5,qIVoyxywpOlIXkTvnoNV1ipS7qs=,1sHFydl17CWZWEKTBTpICMyiYXk=
6,6,qIVoyxywpOlIXkTvnoNV1ipS7qs=,1sHFydl17CWZWEKTBTpICMyiYXk=
7,6,qIVoyxywpOlIXkTvnoNV1ipS7qs=,1sHFydl17CWZWEKTBTpICMyiYXk=
7,7,qIVoyxywpOlIXkTvnoNV1ipS7qs=,/qgm71oYjfPN9xcPs8moTRb9fdY=
9,0,qIVoyxywpOlIXkTvnoNV1ipS7qs=,SFlhUW0Tb+Zh024tz9RJi0Fofeg=
10,9,qIVoyxywpOlIXkTvnoNV1ipS7qs=,suWSb7Oxd16YD2loCxfYWg5mYHc=
10,10,qIVoyxywpOlIXkTvnoNV1ipS7qs=,suWSb7Oxd16YD2loCxfYWg5mYHc=
10,11,qIVoyxywpOlIXkTvnoNV1ipS7qs=,suWSb7Oxd16YD2loCxfYWg5mYHc=
10,0,qIVoyxywpOlIXkTvnoNV1ipS7qs=,Q4Y1aaYwZjW21xCu6TPz2Cx/QQs=
11,11,qIVoyxywpOlIXkTvnoNV1ipS7qs=,suWSb7Oxd16YD2loCxfYWg5mYHc=
11,10,qIVoyxywpOlIXkTvnoNV1ipS7qs=,suWSb7Oxd16YD2loCxfYWg5mYHc=
11,0,qIVoyxywpOlIXkTvnoNV1ipS7qs=,suWSb7Oxd16YD2loCxfYWg5mYHc=
12,11,qIVoyxywpOlIXkTvnoNV1ipS7qs=,Q4Y1aaYwZjW21xCu6TPz2Cx/QQs=
14,13,qIVoyxywpOlIXkTvnoNV1ipS7qs=,suWSb7Oxd16YD2loCxfYWg5mYHc=
1,3,hJphROsptTegWEg2mZBLlg5lUX8=,MAXFmvXAqo9TtSlhxmoefAWdA08=
1,4,hJphROsptTegWEg2mZBLlg5lUX8=,ah1CDKv8Sx6K+KxOjSQb+PA36zM=
2,4,HqVfQr7pLoO/LvNdMV0cejKBXyE=,2C352iZySsUkJj8o7zz6tjoa1PY=
3,2,EJu+6ssH84iHCizGyHS2A5X7nmY=,M6DmTKdLgr5wrriloiq1zylMGEo=
4,2,EJu+6ssH84iHCizGyHS2A5X7nmY=,e9RGc9kniyhRyAEu6K0liCHgPlg=
