-2,4,AVbUt5pPOKGgLhRWAnNgV7IahmI=,uv5pXHQE7RFoZzitnyO9W/FSC+w=
-1,4,zEmgj/AYmLWdPKGbECm/tdnhc8c=,uv5pXHQE7RFoZzitnyO9W/FSC+w=
-3,4,AVbUt5pPOKGgLhRWAnNgV7IahmI=,Cu4XACvmPbQ+w6DfMMzP2XQFxlc=
-3,3,AVbUt5pPOKGgLhRWAnNgV7IahmI=,J5FfFdU7q9HxPzH6Z1aQZsNjMTc=
-4,3,AVbUt5pPOKGgLhRWAnNgV7IahmI=,J5FfFdU7q9HxPzH6Z1aQZsNjMTc=
-4,4,AVbUt5pPOKGgLhRWAnNgV7IahmI=,Cu4XACvmPbQ+w6DfMMzP2XQFxlc=
-1,3,zEmgj/AYmLWdPKGbECm/tdnhc8c=,/N5CrKMsYGUQP0ck1NbYM5a4Qbc=
-4,2,AVbUt5pPOKGgLhRWAnNgV7IahmI=,J5FfFdU7q9HxPzH6Z1aQZsNjMTc=
-2,3,AVbUt5pPOKGgLhRWAnNgV7IahmI=,/N5CrKMsYGUQP0ck1NbYM5a4Qbc=
-4,1,AVbUt5pPOKGgLhRWAnNgV7IahmI=,UOtoHuBb5JC0UR2NO+3iiHlAROo=
-4,0,zEmgj/AYmLWdPKGbECm/tdnhc8c=,UOtoHuBb5JC0UR2NO+3iiHlAROo=
-1,5,zEmgj/AYmLWdPKGbECm/tdnhc8c=,uv5pXHQE7RFoZzitnyO9W/FSC+w=
-2,5,zEmgj/AYmLWdPKGbECm/tdnhc8c=,uv5pXHQE7RFoZzitnyO9W/FSC+w=
-4,5,zEmgj/AYmLWdPKGbECm/tdnhc8c=,Cu4XACvmPbQ+w6DfMMzP2XQFxlc=
-3,5,zEmgj/AYmLWdPKGbECm/tdnhc8c=,Cu4XACvmPbQ+w6DfMMzP2XQFxlc=
-3,2,AVbUt5pPOKGgLhRWAnNgV7IahmI=,J5FfFdU7q9HxPzH6Z1aQZsNjMTc=
-3,1,AVbUt5pPOKGgLhRWAnNgV7IahmI=,UOtoHuBb5JC0UR2NO+3iiHlAROo=
-3,0,zEmgj/AYmLWdPKGbECm/tdnhc8c=,UOtoHuBb5JC0UR2NO+3iiHlAROo=
-1,0,zEmgj/AYmLWdPKGbECm/tdnhc8c=,0sAw305ICqFaXpp6IhFnZneBK7Y=
-2,2,AVbUt5pPOKGgLhRWAnNgV7IahmI=,/N5CrKMsYGUQP0ck1NbYM5a4Qbc=
-1,1,zEmgj/AYmLWdPKGbECm/tdnhc8c=,0sAw305ICqFaXpp6IhFnZneBK7Y=
-1,2,zEmgj/AYmLWdPKGbECm/tdnhc8c=,/N5CrKMsYGUQP0ck1NbYM5a4Qbc=
-2,1,AVbUt5pPOKGgLhRWAnNgV7IahmI=,0sAw305ICqFaXpp6IhFnZneBK7Y=
-2,0,zEmgj/AYmLWdPKGbECm/tdnhc8c=,0sAw305ICqFaXpp6IhFnZneBK7Y=
-5,0,zEmgj/AYmLWdPKGbECm/tdnhc8c=,BnlcBR2eUu5nf+Zsjs3bEL7/V3s=
-5,1,AVbUt5pPOKGgLhRWAnNgV7IahmI=,BnlcBR2eUu5nf+Zsjs3bEL7/V3s=
-6,0,zEmgj/AYmLWdPKGbECm/tdnhc8c=,BnlcBR2eUu5nf+Zsjs3bEL7/V3s=
-6,1,zEmgj/AYmLWdPKGbECm/tdnhc8c=,BnlcBR2eUu5nf+Zsjs3bEL7/V3s=
-5,2,AVbUt5pPOKGgLhRWAnNgV7IahmI=,uiUWdQ0wmFFy2ysJSCOUBsEqyd8=
-6,2,zEmgj/AYmLWdPKGbECm/tdnhc8c=,uiUWdQ0wmFFy2ysJSCOUBsEqyd8=
-7,1,zEmgj/AYmLWdPKGbECm/tdnhc8c=,1CsLadNYDk/vgll4rBNbHUpc0AI=
-7,0,zEmgj/AYmLWdPKGbECm/tdnhc8c=,1CsLadNYDk/vgll4rBNbHUpc0AI=
-8,1,zEmgj/AYmLWdPKGbECm/tdnhc8c=,1CsLadNYDk/vgll4rBNbHUpc0AI=
-10,1,h+F40ZVAgen4LFPV4A7inGxrQAQ=,3PBrqnQQqElTGJWRicrP3f5akwE=
-9,0,h+F40ZVAgen4LFPV4A7inGxrQAQ=,3PBrqnQQqElTGJWRicrP3f5akwE=
-5,3,AVbUt5pPOKGgLhRWAnNgV7IahmI=,uiUWdQ0wmFFy2ysJSCOUBsEqyd8=
-8,0,zEmgj/AYmLWdPKGbECm/tdnhc8c=,1CsLadNYDk/vgll4rBNbHUpc0AI=
-6,3,zEmgj/AYmLWdPKGbECm/tdnhc8c=,uiUWdQ0wmFFy2ysJSCOUBsEqyd8=
-9,1,qNYDSf2VqI/KXBEUqcHm++5WTAE=,3PBrqnQQqElTGJWRicrP3f5akwE=
-10,0,h+F40ZVAgen4LFPV4A7inGxrQAQ=,3PBrqnQQqElTGJWRicrP3f5akwE=
-5,4,AVbUt5pPOKGgLhRWAnNgV7IahmI=,ATadppoc70ufrSWWJHEqdaDrhuU=
-7,4,H9BuHvJoeXKuvHLn6pJunMC4fME=,3TVo4cozKD2m/lGh9AA5vlnipRc=
-6,4,zEmgj/AYmLWdPKGbECm/tdnhc8c=,ATadppoc70ufrSWWJHEqdaDrhuU=
-7,3,H9BuHvJoeXKuvHLn6pJunMC4fME=,Pk6GA+78gkqIP7NSVm03VEfK6l4=
-7,2,qNYDSf2VqI/KXBEUqcHm++5WTAE=,Pk6GA+78gkqIP7NSVm03VEfK6l4=
-8,2,qNYDSf2VqI/KXBEUqcHm++5WTAE=,Pk6GA+78gkqIP7NSVm03VEfK6l4=
-8,3,h+F40ZVAgen4LFPV4A7inGxrQAQ=,Pk6GA+78gkqIP7NSVm03VEfK6l4=
-8,4,h+F40ZVAgen4LFPV4A7inGxrQAQ=,3TVo4cozKD2m/lGh9AA5vlnipRc=
-7,5,h+F40ZVAgen4LFPV4A7inGxrQAQ=,3TVo4cozKD2m/lGh9AA5vlnipRc=
-5,5,zEmgj/AYmLWdPKGbECm/tdnhc8c=,ATadppoc70ufrSWWJHEqdaDrhuU=
-6,5,zEmgj/AYmLWdPKGbECm/tdnhc8c=,ATadppoc70ufrSWWJHEqdaDrhuU=
-8,5,h+F40ZVAgen4LFPV4A7inGxrQAQ=,3TVo4cozKD2m/lGh9AA5vlnipRc=
-3,7,zEmgj/AYmLWdPKGbECm/tdnhc8c=,WvNocUCCp28DJhDFBioQXQvCjng=
-3,6,zEmgj/AYmLWdPKGbECm/tdnhc8c=,WvNocUCCp28DJhDFBioQXQvCjng=
-2,7,zEmgj/AYmLWdPKGbECm/tdnhc8c=,gcBAO5dqWXHmb90Z2GFt3WY0A+s=
-1,6,zEmgj/AYmLWdPKGbECm/tdnhc8c=,gcBAO5dqWXHmb90Z2GFt3WY0A+s=
-2,6,zEmgj/AYmLWdPKGbECm/tdnhc8c=,gcBAO5dqWXHmb90Z2GFt3WY0A+s=
-1,7,zEmgj/AYmLWdPKGbECm/tdnhc8c=,gcBAO5dqWXHmb90Z2GFt3WY0A+s=
-6,6,zEmgj/AYmLWdPKGbECm/tdnhc8c=,7z1sSGWovCZuPlcK5G9SpxeAsZs=
-6,7,zEmgj/AYmLWdPKGbECm/tdnhc8c=,7z1sSGWovCZuPlcK5G9SpxeAsZs=
-5,7,zEmgj/AYmLWdPKGbECm/tdnhc8c=,7z1sSGWovCZuPlcK5G9SpxeAsZs=
-4,7,zEmgj/AYmLWdPKGbECm/tdnhc8c=,WvNocUCCp28DJhDFBioQXQvCjng=
-4,6,zEmgj/AYmLWdPKGbECm/tdnhc8c=,WvNocUCCp28DJhDFBioQXQvCjng=
-5,6,zEmgj/AYmLWdPKGbECm/tdnhc8c=,7z1sSGWovCZuPlcK5G9SpxeAsZs=
