-1,2,FtLvqSD5Efxt1wIZQJeua9YiVSI=,zcKyTqG/e2gtF8AYeSbMg49nQMk=
-1,1,FtLvqSD5Efxt1wIZQJeua9YiVSI=,cFU1P66AJYSmL0TwjgQSwpgFwa4=
-1,0,FtLvqSD5Efxt1wIZQJeua9YiVSI=,WHCyrddII9hVKWeQd0UnYAH9koc=
-2,2,f9A4PJbLOyYMC76bbGiK1hSCxIE=,QPZajMbW3JJKG3xzu+SnUzEbZrg=
-2,0,FtLvqSD5Efxt1wIZQJeua9YiVSI=,9fEbsPC9Q/DbkOraWG0cykvBHJM=
-2,1,FtLvqSD5Efxt1wIZQJeua9YiVSI=,Wy+fGq8JBaHNiImh4MC8EAWduI4=
-3,0,f9A4PJbLOyYMC76bbGiK1hSCxIE=,z0jYMBQNw8Nd4ZulvD3PfS2YPyU=
-4,0,f9A4PJbLOyYMC76bbGiK1hSCxIE=,VR5oXyDaH/wMFQd8LIeJP751wlk=
-3,1,f9A4PJbLOyYMC76bbGiK1hSCxIE=,bety59Y8ZW4alGWWInXhpPC0H4A=
-5,0,XU0LN48rLBBzVhaG5Zj03/5YZuw=,ZUjl3mtXhE57TOtvE3Whs2J1RZE=
-4,1,IeF+nlOPslSB+/gtM0ILwvKxGdc=,xXMvZyRFh+WYm2F/knXX6+3QhkY=
-4,2,IeF+nlOPslSB+/gtM0ILwvKxGdc=,cxD/Yi201DjUSPXxqQnbwdgFEp4=
-3,2,f9A4PJbLOyYMC76bbGiK1hSCxIE=,R5jZTcj33XXGznYuJJUVpVjq680=
-3,3,f9A4PJbLOyYMC76bbGiK1hSCxIE=,VR5oXyDaH/wMFQd8LIeJP751wlk=
-2,3,f9A4PJbLOyYMC76bbGiK1hSCxIE=,VR5oXyDaH/wMFQd8LIeJP751wlk=
-1,3,FtLvqSD5Efxt1wIZQJeua9YiVSI=,VR5oXyDaH/wMFQd8LIeJP751wlk=
