-2,-2,f9A4PJbLOyYMC76bbGiK1hSCxIE=,QU6Jpft8LqyrWqULJINxOye4pm0=
-2,-1,f9A4PJbLOyYMC76bbGiK1hSCxIE=,VUsa/4+hmeZdTwitnJkS1/yuJ+Y=
-2,-3,f9A4PJbLOyYMC76bbGiK1hSCxIE=,PfoqmdhuEf69idERXQpQOBm+PYY=
-1,-1,f9A4PJbLOyYMC76bbGiK1hSCxIE=,W+aafL6UCptCMz4rKA//9qjUvls=
-1,-2,f9A4PJbLOyYMC76bbGiK1hSCxIE=,wpNxfNjkuLXIPsY6TEr84kgO5bw=
-3,-1,f9A4PJbLOyYMC76bbGiK1hSCxIE=,ysSQle93b/mc7NK+WUdvGttidN8=
-1,-3,f9A4PJbLOyYMC76bbGiK1hSCxIE=,r78cyh9oUBpo+M1dQhpjDEd+pRg=
-1,-4,f9A4PJbLOyYMC76bbGiK1hSCxIE=,hgtAwl4Mf7c4QEe2Jsm8zsIhpxs=
-1,-5,IeF+nlOPslSB+/gtM0ILwvKxGdc=,rz0A04v9kGnBdqNipr7t3bqEG2M=
-2,-4,f9A4PJbLOyYMC76bbGiK1hSCxIE=,jouAF8Q6zjwJ2072io2h5xf2t+g=
-3,-2,f9A4PJbLOyYMC76bbGiK1hSCxIE=,OpowLYues58IFrKYNEwvt6sZJds=
-4,-2,LEMYaCWXQ3O9c2GCBAcmZ3yHFQ0=,6CSfZLVkbSKP6XPyE1qjKO1FPAo=
-4,-1,f9A4PJbLOyYMC76bbGiK1hSCxIE=,oZzg/VNyrEYD7mYcx2F4FPo6NiA=
-5,-1,LEMYaCWXQ3O9c2GCBAcmZ3yHFQ0=,9JLM3/4ZvfvlBoUFXtoue6cveFo=
-5,-2,LEMYaCWXQ3O9c2GCBAcmZ3yHFQ0=,zaffT2DvqqEJEdh27TayMxw5imo=
-1,-11,LEMYaCWXQ3O9c2GCBAcmZ3yHFQ0=,ZRullqyhxQtwhtfE/6vurFKH9EE=
-1,-12,LEMYaCWXQ3O9c2GCBAcmZ3yHFQ0=,ZRullqyhxQtwhtfE/6vurFKH9EE=
-1,-13,LEMYaCWXQ3O9c2GCBAcmZ3yHFQ0=,ZRullqyhxQtwhtfE/6vurFKH9EE=
-1,-14,LEMYaCWXQ3O9c2GCBAcmZ3yHFQ0=,ZRullqyhxQtwhtfE/6vurFKH9EE=
-1,-16,LEMYaCWXQ3O9c2GCBAcmZ3yHFQ0=,ZRullqyhxQtwhtfE/6vurFKH9EE=
-1,-19,LEMYaCWXQ3O9c2GCBAcmZ3yHFQ0=,ZRullqyhxQtwhtfE/6vurFKH9EE=
-1,-20,LEMYaCWXQ3O9c2GCBAcmZ3yHFQ0=,ZRullqyhxQtwhtfE/6vurFKH9EE=
-1,-26,LEMYaCWXQ3O9c2GCBAcmZ3yHFQ0=,ZRullqyhxQtwhtfE/6vurFKH9EE=
-1,-27,LEMYaCWXQ3O9c2GCBAcmZ3yHFQ0=,ZRullqyhxQtwhtfE/6vurFKH9EE=
-2,-5,LEMYaCWXQ3O9c2GCBAcmZ3yHFQ0=,B/aj25UdVfTkAFuiCH9K0SoHd14=
-2,-12,LEMYaCWXQ3O9c2GCBAcmZ3yHFQ0=,ZRullqyhxQtwhtfE/6vurFKH9EE=
-2,-11,LEMYaCWXQ3O9c2GCBAcmZ3yHFQ0=,ZRullqyhxQtwhtfE/6vurFKH9EE=
-2,-14,LEMYaCWXQ3O9c2GCBAcmZ3yHFQ0=,ZRullqyhxQtwhtfE/6vurFKH9EE=
-2,-13,LEMYaCWXQ3O9c2GCBAcmZ3yHFQ0=,ZRullqyhxQtwhtfE/6vurFKH9EE=
-3,-3,f9A4PJbLOyYMC76bbGiK1hSCxIE=,kfsn6B1vfTiFcVPOExfkQERCSdc=
-3,-4,f9A4PJbLOyYMC76bbGiK1hSCxIE=,xYm23MVM/xxkgZu+xFaIHkheCjs=
-3,-7,LEMYaCWXQ3O9c2GCBAcmZ3yHFQ0=,ABPfnnaTFwOTtRPbRRYhG2eWJSY=
-3,-5,LEMYaCWXQ3O9c2GCBAcmZ3yHFQ0=,SpHA9NpnQl4XHLuk9UGlnBXil5M=
-3,-6,LEMYaCWXQ3O9c2GCBAcmZ3yHFQ0=,t/G5Vvk+X4FYW7PE1ecHrRSq6xA=
-4,-4,LEMYaCWXQ3O9c2GCBAcmZ3yHFQ0=,PwklcS+9xC2L6osHHPjnDG9rs10=
-4,-8,LEMYaCWXQ3O9c2GCBAcmZ3yHFQ0=,Npi21A/gxRk6QexyLeuLcsXq4rs=
-4,-7,LEMYaCWXQ3O9c2GCBAcmZ3yHFQ0=,TsW7efScF9nSUX+9HJKNk/Vvd3k=
-4,-6,LEMYaCWXQ3O9c2GCBAcmZ3yHFQ0=,eHKcUnPk35lfHfEqwwX4A9eKpX8=
-4,-5,LEMYaCWXQ3O9c2GCBAcmZ3yHFQ0=,C6H5a6bklYy47tyokLZfpL4KdEw=
-4,-9,LEMYaCWXQ3O9c2GCBAcmZ3yHFQ0=,ZRullqyhxQtwhtfE/6vurFKH9EE=
-5,-6,LEMYaCWXQ3O9c2GCBAcmZ3yHFQ0=,2BABodfFyu0Ko1EWzKSwdbaeR7Q=
-5,-7,LEMYaCWXQ3O9c2GCBAcmZ3yHFQ0=,4POiZ9ojfdJTuqzXmNKPvUD14Rs=
-5,-8,LEMYaCWXQ3O9c2GCBAcmZ3yHFQ0=,TsW7efScF9nSUX+9HJKNk/Vvd3k=
-5,-9,LEMYaCWXQ3O9c2GCBAcmZ3yHFQ0=,ZRullqyhxQtwhtfE/6vurFKH9EE=
-5,-10,LEMYaCWXQ3O9c2GCBAcmZ3yHFQ0=,ZRullqyhxQtwhtfE/6vurFKH9EE=
-5,-11,LEMYaCWXQ3O9c2GCBAcmZ3yHFQ0=,ZRullqyhxQtwhtfE/6vurFKH9EE=
-6,-2,LEMYaCWXQ3O9c2GCBAcmZ3yHFQ0=,9JLM3/4ZvfvlBoUFXtoue6cveFo=
-6,-1,LEMYaCWXQ3O9c2GCBAcmZ3yHFQ0=,lbGFG2XYzdHs7GshOu1ZK2MNA8s=
-6,-13,LEMYaCWXQ3O9c2GCBAcmZ3yHFQ0=,ZRullqyhxQtwhtfE/6vurFKH9EE=
-6,-10,LEMYaCWXQ3O9c2GCBAcmZ3yHFQ0=,ZRullqyhxQtwhtfE/6vurFKH9EE=
-6,-9,LEMYaCWXQ3O9c2GCBAcmZ3yHFQ0=,ZRullqyhxQtwhtfE/6vurFKH9EE=
-6,-12,LEMYaCWXQ3O9c2GCBAcmZ3yHFQ0=,ZRullqyhxQtwhtfE/6vurFKH9EE=
-6,-11,LEMYaCWXQ3O9c2GCBAcmZ3yHFQ0=,ZRullqyhxQtwhtfE/6vurFKH9EE=
-7,-1,LEMYaCWXQ3O9c2GCBAcmZ3yHFQ0=,QpBGPS7u6aaAVKxA2DWDHkK6s0g=
-7,-2,LEMYaCWXQ3O9c2GCBAcmZ3yHFQ0=,9JLM3/4ZvfvlBoUFXtoue6cveFo=
-7,-13,LEMYaCWXQ3O9c2GCBAcmZ3yHFQ0=,ZRullqyhxQtwhtfE/6vurFKH9EE=
-7,-12,LEMYaCWXQ3O9c2GCBAcmZ3yHFQ0=,ZRullqyhxQtwhtfE/6vurFKH9EE=
-8,-2,LEMYaCWXQ3O9c2GCBAcmZ3yHFQ0=,QI8cXK5amj4udlFpTpXy2Pthqj8=
-8,-16,LEMYaCWXQ3O9c2GCBAcmZ3yHFQ0=,ZRullqyhxQtwhtfE/6vurFKH9EE=
-8,-17,LEMYaCWXQ3O9c2GCBAcmZ3yHFQ0=,ZRullqyhxQtwhtfE/6vurFKH9EE=
-9,-16,LEMYaCWXQ3O9c2GCBAcmZ3yHFQ0=,iRqW/IwStSdFKafLy0k9o1u+ygQ=
-9,-2,LEMYaCWXQ3O9c2GCBAcmZ3yHFQ0=,iRqW/IwStSdFKafLy0k9o1u+ygQ=
-9,-17,LEMYaCWXQ3O9c2GCBAcmZ3yHFQ0=,iRqW/IwStSdFKafLy0k9o1u+ygQ=
-10,-2,LEMYaCWXQ3O9c2GCBAcmZ3yHFQ0=,iRqW/IwStSdFKafLy0k9o1u+ygQ=
