37,-32,C67axec35SzXPDYv8GvW3N4S5bg=,mnRwscEyubVnkbRMTpRFbFOPASo=
36,-32,C67axec35SzXPDYv8GvW3N4S5bg=,mnRwscEyubVnkbRMTpRFbFOPASo=
34,-30,C67axec35SzXPDYv8GvW3N4S5bg=,mnRwscEyubVnkbRMTpRFbFOPASo=
34,-1,C67axec35SzXPDYv8GvW3N4S5bg=,mnRwscEyubVnkbRMTpRFbFOPASo=
33,-30,C67axec35SzXPDYv8GvW3N4S5bg=,mnRwscEyubVnkbRMTpRFbFOPASo=
33,-1,/YNp9+vpbXEKeSNjicFSCGtk1PE=,dfKromWmhQz1HKiNDy2QsYftyr4=
32,-1,/YNp9+vpbXEKeSNjicFSCGtk1PE=,uouWKBFR04y61FeznFCplAz8gwk=
60,-8,GJzc0nbIGaaIZU86HcymkKTCtQ8=,YDhkvAYgALP4npKfZxpSJL6hf0I=
60,-10,GJzc0nbIGaaIZU86HcymkKTCtQ8=,Fgh23AzFdIHBHmVt5RgaRsYJaEE=
60,-9,GJzc0nbIGaaIZU86HcymkKTCtQ8=,Fgh23AzFdIHBHmVt5RgaRsYJaEE=
59,-8,GJzc0nbIGaaIZU86HcymkKTCtQ8=,YDhkvAYgALP4npKfZxpSJL6hf0I=
59,-9,GJzc0nbIGaaIZU86HcymkKTCtQ8=,Fgh23AzFdIHBHmVt5RgaRsYJaEE=
59,-10,GJzc0nbIGaaIZU86HcymkKTCtQ8=,Fgh23AzFdIHBHmVt5RgaRsYJaEE=
58,-8,GJzc0nbIGaaIZU86HcymkKTCtQ8=,YDhkvAYgALP4npKfZxpSJL6hf0I=
58,-10,GJzc0nbIGaaIZU86HcymkKTCtQ8=,Fgh23AzFdIHBHmVt5RgaRsYJaEE=
58,-9,GJzc0nbIGaaIZU86HcymkKTCtQ8=,Fgh23AzFdIHBHmVt5RgaRsYJaEE=
57,-9,GJzc0nbIGaaIZU86HcymkKTCtQ8=,GE32eTCHzYMgy4uLYSsDWtpnJfw=
57,-10,GJzc0nbIGaaIZU86HcymkKTCtQ8=,1AaGfAu4veuwQL5A6IwegI3RelY=
56,-10,zIksd5usYUeWD23ChmTxslYpflI=,MZYgc4rNnIdE9Ja46vWxVPlmvP4=
56,-9,zIksd5usYUeWD23ChmTxslYpflI=,YSVJ4xSj1AS22pFkBGG3P6XUGD0=
55,-9,zIksd5usYUeWD23ChmTxslYpflI=,S3HVk/gupWmdjHM5hNEAawVs680=
55,-10,zIksd5usYUeWD23ChmTxslYpflI=,rXJvR2GL6MibUu5E0KzFO0FwNQg=
54,-10,zIksd5usYUeWD23ChmTxslYpflI=,L3kpCR9kqU/l+mNPAfl2S4rwIWQ=
54,-9,zIksd5usYUeWD23ChmTxslYpflI=,rrNQ8D91IpkqaqCRwhJ5Cv8u284=
53,-9,zIksd5usYUeWD23ChmTxslYpflI=,rrNQ8D91IpkqaqCRwhJ5Cv8u284=
53,-10,zIksd5usYUeWD23ChmTxslYpflI=,L3kpCR9kqU/l+mNPAfl2S4rwIWQ=
52,-10,zIksd5usYUeWD23ChmTxslYpflI=,j62Qk+sgcL/eVFzVTVi68v2UTDo=
52,-9,zIksd5usYUeWD23ChmTxslYpflI=,d2Y0kQJuLViyjn+IJJsbEQaE+CU=
51,-10,zIksd5usYUeWD23ChmTxslYpflI=,QAaD6Pzr/IljU+FB4PoYAUWM+6g=
50,-14,zIksd5usYUeWD23ChmTxslYpflI=,lzIBp8ADboPD8UgMuv8ITl4lxCY=
50,-13,zIksd5usYUeWD23ChmTxslYpflI=,lzIBp8ADboPD8UgMuv8ITl4lxCY=
50,-10,zIksd5usYUeWD23ChmTxslYpflI=,QAaD6Pzr/IljU+FB4PoYAUWM+6g=
50,-9,zIksd5usYUeWD23ChmTxslYpflI=,ghQq3Nnkux/RMWbXDnUUi1sPns8=
50,-12,zIksd5usYUeWD23ChmTxslYpflI=,lzIBp8ADboPD8UgMuv8ITl4lxCY=
49,-13,zIksd5usYUeWD23ChmTxslYpflI=,lzIBp8ADboPD8UgMuv8ITl4lxCY=
49,-14,zIksd5usYUeWD23ChmTxslYpflI=,lzIBp8ADboPD8UgMuv8ITl4lxCY=
49,-11,zIksd5usYUeWD23ChmTxslYpflI=,WOZTaH6Qk/5kKTEZWK7S6h+UWsY=
49,-12,v1dnua7I/joffIVUhRv+om/CFsA=,W8GH62cIOPhT20cixVDje2f+t7c=
49,-9,v1dnua7I/joffIVUhRv+om/CFsA=,ghQq3Nnkux/RMWbXDnUUi1sPns8=
49,-10,v1dnua7I/joffIVUhRv+om/CFsA=,7B3fqVSFBRhhiwkx5sQcm29JJH8=
49,-7,v1dnua7I/joffIVUhRv+om/CFsA=,HFoGHqNCyyjT7DB+FZgQad/lk4A=
49,-8,v1dnua7I/joffIVUhRv+om/CFsA=,HFoGHqNCyyjT7DB+FZgQad/lk4A=
49,-5,v1dnua7I/joffIVUhRv+om/CFsA=,HFoGHqNCyyjT7DB+FZgQad/lk4A=
49,-6,v1dnua7I/joffIVUhRv+om/CFsA=,HFoGHqNCyyjT7DB+FZgQad/lk4A=
49,-3,v1dnua7I/joffIVUhRv+om/CFsA=,Qp8sFAZ5R9I8AkuWkv5JrmjTMbc=
49,-4,v1dnua7I/joffIVUhRv+om/CFsA=,HFoGHqNCyyjT7DB+FZgQad/lk4A=
49,-1,v1dnua7I/joffIVUhRv+om/CFsA=,/7X5+QGV3xPzSGhUmfGk+p7rkGc=
49,-2,v1dnua7I/joffIVUhRv+om/CFsA=,tajJ32BkerkLX77/d3nVVUNZs5k=
48,-14,v1dnua7I/joffIVUhRv+om/CFsA=,lzIBp8ADboPD8UgMuv8ITl4lxCY=
48,-13,v1dnua7I/joffIVUhRv+om/CFsA=,lzIBp8ADboPD8UgMuv8ITl4lxCY=
48,-12,v1dnua7I/joffIVUhRv+om/CFsA=,wp87YH7xKU19ZyGizdUXEBqet6Q=
48,-11,v1dnua7I/joffIVUhRv+om/CFsA=,FA4NBs5WCowI5X4U/Re5SS9yKzw=
48,-10,v1dnua7I/joffIVUhRv+om/CFsA=,FA4NBs5WCowI5X4U/Re5SS9yKzw=
48,-9,v1dnua7I/joffIVUhRv+om/CFsA=,msNdMuCIrF9JamLVdCGpBaqEfHc=
48,-8,v1dnua7I/joffIVUhRv+om/CFsA=,HFoGHqNCyyjT7DB+FZgQad/lk4A=
48,-7,v1dnua7I/joffIVUhRv+om/CFsA=,HFoGHqNCyyjT7DB+FZgQad/lk4A=
48,-6,v1dnua7I/joffIVUhRv+om/CFsA=,HFoGHqNCyyjT7DB+FZgQad/lk4A=
48,-5,v1dnua7I/joffIVUhRv+om/CFsA=,HFoGHqNCyyjT7DB+FZgQad/lk4A=
48,-4,v1dnua7I/joffIVUhRv+om/CFsA=,HFoGHqNCyyjT7DB+FZgQad/lk4A=
48,-3,nC5A6OdrfSyqUWV/cwbzaV9VeN4=,9gZ9aNqdejlw2EpzC6iWvSafgsE=
48,-2,nC5A6OdrfSyqUWV/cwbzaV9VeN4=,PCcmvj+XtrNFoWSxEX3x687Z2JI=
48,-1,nC5A6OdrfSyqUWV/cwbzaV9VeN4=,/5FKN6KW4IVjHQU6d7KoIflEv+w=
47,-1,nC5A6OdrfSyqUWV/cwbzaV9VeN4=,rlxPrqthwEMZcv2yWWZTg8mKO5E=
47,-2,nC5A6OdrfSyqUWV/cwbzaV9VeN4=,rlxPrqthwEMZcv2yWWZTg8mKO5E=
47,-3,nC5A6OdrfSyqUWV/cwbzaV9VeN4=,rlxPrqthwEMZcv2yWWZTg8mKO5E=
47,-8,nC5A6OdrfSyqUWV/cwbzaV9VeN4=,rlxPrqthwEMZcv2yWWZTg8mKO5E=
47,-9,nC5A6OdrfSyqUWV/cwbzaV9VeN4=,poeng/02G1YmvKcfxd/4qT9mnJQ=
47,-10,nC5A6OdrfSyqUWV/cwbzaV9VeN4=,M0/eiLRLFzIjsOVmM+nYpneIyZY=
47,-11,nC5A6OdrfSyqUWV/cwbzaV9VeN4=,pCZrbOWJHRUW2euaRBO+KksDBrQ=
47,-12,nC5A6OdrfSyqUWV/cwbzaV9VeN4=,pCZrbOWJHRUW2euaRBO+KksDBrQ=
47,-13,nC5A6OdrfSyqUWV/cwbzaV9VeN4=,pCZrbOWJHRUW2euaRBO+KksDBrQ=
47,-14,nC5A6OdrfSyqUWV/cwbzaV9VeN4=,pCZrbOWJHRUW2euaRBO+KksDBrQ=
46,-2,nC5A6OdrfSyqUWV/cwbzaV9VeN4=,rlxPrqthwEMZcv2yWWZTg8mKO5E=
46,-3,nC5A6OdrfSyqUWV/cwbzaV9VeN4=,rlxPrqthwEMZcv2yWWZTg8mKO5E=
45,-3,eEKVUnBLiDq9SB3IT1Wt7grSPsA=,rlxPrqthwEMZcv2yWWZTg8mKO5E=
45,-2,eEKVUnBLiDq9SB3IT1Wt7grSPsA=,rlxPrqthwEMZcv2yWWZTg8mKO5E=
44,-3,eEKVUnBLiDq9SB3IT1Wt7grSPsA=,1cWT5SMHw/EtpjBNgw/Ws76x5aQ=
44,-2,eEKVUnBLiDq9SB3IT1Wt7grSPsA=,YaVNm4OH99E3X9bSa8Bznz7k77A=
43,-2,eEKVUnBLiDq9SB3IT1Wt7grSPsA=,LoGSX+vyNoXEkY4zGeuADemIzV0=
43,-3,eEKVUnBLiDq9SB3IT1Wt7grSPsA=,H8kI8OYvrUJM+VI5JtajRGdvHbw=
42,-2,eEKVUnBLiDq9SB3IT1Wt7grSPsA=,LoGSX+vyNoXEkY4zGeuADemIzV0=
42,-3,eEKVUnBLiDq9SB3IT1Wt7grSPsA=,H8kI8OYvrUJM+VI5JtajRGdvHbw=
41,-3,eEKVUnBLiDq9SB3IT1Wt7grSPsA=,AB3QptfvaN5EbgZcmQMIEK6KGlA=
41,-2,eEKVUnBLiDq9SB3IT1Wt7grSPsA=,yZKRMiIOP+tRqI0VWdmVw1G9a8o=
40,-6,eEKVUnBLiDq9SB3IT1Wt7grSPsA=,1cWT5SMHw/EtpjBNgw/Ws76x5aQ=
40,-5,eEKVUnBLiDq9SB3IT1Wt7grSPsA=,YaVNm4OH99E3X9bSa8Bznz7k77A=
40,-3,eEKVUnBLiDq9SB3IT1Wt7grSPsA=,rlxPrqthwEMZcv2yWWZTg8mKO5E=
40,-2,eEKVUnBLiDq9SB3IT1Wt7grSPsA=,rlxPrqthwEMZcv2yWWZTg8mKO5E=
39,-2,eEKVUnBLiDq9SB3IT1Wt7grSPsA=,38AtmY+4tz4w09W64rO6SZTX0Jg=
39,-3,eEKVUnBLiDq9SB3IT1Wt7grSPsA=,aRSwjFaTs5w1KO6/B7qIW6npwo4=
39,-4,eEKVUnBLiDq9SB3IT1Wt7grSPsA=,44vdy8Z4MRQ5c8vx2lm9lBE91DI=
39,-5,86ZE51xP03mR+ryrwzZScD1Dyos=,K0RbGaZueVEkMpJ5wPkhrsS/gug=
39,-6,86ZE51xP03mR+ryrwzZScD1Dyos=,S7LwsrufeSKGJV9WNd3N4TCUrbg=
38,-2,86ZE51xP03mR+ryrwzZScD1Dyos=,es4DXGcPUh+w/SMaBw2faHlIuoI=
38,-4,86ZE51xP03mR+ryrwzZScD1Dyos=,kWM54JMa09CG/7Pku+N/qyU2kik=
38,-3,86ZE51xP03mR+ryrwzZScD1Dyos=,Bbktr3EWC7OR+bCR+nSY9NhVuPA=
38,-6,86ZE51xP03mR+ryrwzZScD1Dyos=,cWTWcNy5pXI9VEm1YSYirlS2krg=
38,-5,86ZE51xP03mR+ryrwzZScD1Dyos=,bImhOsf8ZzBuoHslwIXPn/cbaOY=
37,-3,86ZE51xP03mR+ryrwzZScD1Dyos=,cDVQddJ1wog2rg8XIBQZKzTKeUU=
37,-4,86ZE51xP03mR+ryrwzZScD1Dyos=,QkB90x0LUKiMXYA1yBFQiBHuIdE=
37,-2,86ZE51xP03mR+ryrwzZScD1Dyos=,es4DXGcPUh+w/SMaBw2faHlIuoI=
37,-5,86ZE51xP03mR+ryrwzZScD1Dyos=,rUAgaVEY/LHHNpW2HJJ1dTCTTYg=
37,-6,86ZE51xP03mR+ryrwzZScD1Dyos=,xrrpIDEVvbO4DwROZqEFEZ6m91M=
36,-4,86ZE51xP03mR+ryrwzZScD1Dyos=,lYzCAg+MuQEqwjAC4b8lhkMU9xU=
36,-2,86ZE51xP03mR+ryrwzZScD1Dyos=,dfKromWmhQz1HKiNDy2QsYftyr4=
36,-5,86ZE51xP03mR+ryrwzZScD1Dyos=,rUAgaVEY/LHHNpW2HJJ1dTCTTYg=
35,-5,86ZE51xP03mR+ryrwzZScD1Dyos=,v4LrRtW8dTP+dXHvgAQgj6JjOVo=
35,-6,86ZE51xP03mR+ryrwzZScD1Dyos=,eq26McnMRIsHE4or4Zfmkq6eKA8=
35,-2,86ZE51xP03mR+ryrwzZScD1Dyos=,dkztMgMkbBqbzqAGyops4+FX9eE=
35,-4,86ZE51xP03mR+ryrwzZScD1Dyos=,pvrsqC3bsgKZNS5hr4t28sLw26g=
34,-6,86ZE51xP03mR+ryrwzZScD1Dyos=,2jy/wtK+2qeph4LZOoKD8wfpgMo=
34,-5,/YNp9+vpbXEKeSNjicFSCGtk1PE=,hr4jHFdhZ9D2tN67ICbmhgH0bv0=
34,-2,/YNp9+vpbXEKeSNjicFSCGtk1PE=,b8uW6zdOlbed+BAqeYlqy7L+BwA=
34,-4,/YNp9+vpbXEKeSNjicFSCGtk1PE=,iJhp7ho4lYQpvlhRTNRSnTFtqzY=
33,-5,/YNp9+vpbXEKeSNjicFSCGtk1PE=,2jy/wtK+2qeph4LZOoKD8wfpgMo=
33,-6,/YNp9+vpbXEKeSNjicFSCGtk1PE=,uouWKBFR04y61FeznFCplAz8gwk=
33,-3,/YNp9+vpbXEKeSNjicFSCGtk1PE=,38AtmY+4tz4w09W64rO6SZTX0Jg=
33,-4,/YNp9+vpbXEKeSNjicFSCGtk1PE=,Ph4Ey5YmosV0hZt1J3uniZupz0U=
33,-2,/YNp9+vpbXEKeSNjicFSCGtk1PE=,5M97UmqFqOusGWsNMYWlSg8IW6A=
32,-5,/YNp9+vpbXEKeSNjicFSCGtk1PE=,uouWKBFR04y61FeznFCplAz8gwk=
32,-4,/YNp9+vpbXEKeSNjicFSCGtk1PE=,5M97UmqFqOusGWsNMYWlSg8IW6A=
32,-3,/YNp9+vpbXEKeSNjicFSCGtk1PE=,dfKromWmhQz1HKiNDy2QsYftyr4=
32,-2,/YNp9+vpbXEKeSNjicFSCGtk1PE=,uouWKBFR04y61FeznFCplAz8gwk=
