-66,-70,Kk0SAaoP9+8KHPZubGrXcujVW+o=,J/kxu/aWenl9+2hcRaJ1XWo1VYE=
-68,-70,Kk0SAaoP9+8KHPZubGrXcujVW+o=,J/kxu/aWenl9+2hcRaJ1XWo1VYE=
-68,-71,Kk0SAaoP9+8KHPZubGrXcujVW+o=,J/kxu/aWenl9+2hcRaJ1XWo1VYE=
-66,-72,Kk0SAaoP9+8KHPZubGrXcujVW+o=,J/kxu/aWenl9+2hcRaJ1XWo1VYE=
-66,-71,Kk0SAaoP9+8KHPZubGrXcujVW+o=,J/kxu/aWenl9+2hcRaJ1XWo1VYE=
-67,-72,Kk0SAaoP9+8KHPZubGrXcujVW+o=,J/kxu/aWenl9+2hcRaJ1XWo1VYE=
-67,-71,Kk0SAaoP9+8KHPZubGrXcujVW+o=,J/kxu/aWenl9+2hcRaJ1XWo1VYE=
-65,-70,Kk0SAaoP9+8KHPZubGrXcujVW+o=,J/kxu/aWenl9+2hcRaJ1XWo1VYE=
-67,-70,Kk0SAaoP9+8KHPZubGrXcujVW+o=,J/kxu/aWenl9+2hcRaJ1XWo1VYE=
-65,-71,Kk0SAaoP9+8KHPZubGrXcujVW+o=,J/kxu/aWenl9+2hcRaJ1XWo1VYE=
-68,-72,Kk0SAaoP9+8KHPZubGrXcujVW+o=,J/kxu/aWenl9+2hcRaJ1XWo1VYE=
-65,-72,Kk0SAaoP9+8KHPZubGrXcujVW+o=,J/kxu/aWenl9+2hcRaJ1XWo1VYE=
-68,-65,Kk0SAaoP9+8KHPZubGrXcujVW+o=,HX8sTIyF8c3sWgKrV528LjW6XGA=
-68,-68,Kk0SAaoP9+8KHPZubGrXcujVW+o=,HX8sTIyF8c3sWgKrV528LjW6XGA=
-67,-68,Kk0SAaoP9+8KHPZubGrXcujVW+o=,HX8sTIyF8c3sWgKrV528LjW6XGA=
-66,-68,Kk0SAaoP9+8KHPZubGrXcujVW+o=,HX8sTIyF8c3sWgKrV528LjW6XGA=
-65,-69,Kk0SAaoP9+8KHPZubGrXcujVW+o=,J/kxu/aWenl9+2hcRaJ1XWo1VYE=
-68,-69,Kk0SAaoP9+8KHPZubGrXcujVW+o=,J/kxu/aWenl9+2hcRaJ1XWo1VYE=
-67,-66,Kk0SAaoP9+8KHPZubGrXcujVW+o=,HX8sTIyF8c3sWgKrV528LjW6XGA=
-67,-69,Kk0SAaoP9+8KHPZubGrXcujVW+o=,J/kxu/aWenl9+2hcRaJ1XWo1VYE=
-65,-67,Kk0SAaoP9+8KHPZubGrXcujVW+o=,HX8sTIyF8c3sWgKrV528LjW6XGA=
-65,-66,Kk0SAaoP9+8KHPZubGrXcujVW+o=,HX8sTIyF8c3sWgKrV528LjW6XGA=
-67,-67,Kk0SAaoP9+8KHPZubGrXcujVW+o=,HX8sTIyF8c3sWgKrV528LjW6XGA=
-66,-69,Kk0SAaoP9+8KHPZubGrXcujVW+o=,J/kxu/aWenl9+2hcRaJ1XWo1VYE=
-66,-67,Kk0SAaoP9+8KHPZubGrXcujVW+o=,HX8sTIyF8c3sWgKrV528LjW6XGA=
-68,-66,Kk0SAaoP9+8KHPZubGrXcujVW+o=,HX8sTIyF8c3sWgKrV528LjW6XGA=
-65,-65,Kk0SAaoP9+8KHPZubGrXcujVW+o=,HX8sTIyF8c3sWgKrV528LjW6XGA=
-65,-68,Kk0SAaoP9+8KHPZubGrXcujVW+o=,HX8sTIyF8c3sWgKrV528LjW6XGA=
-66,-66,Kk0SAaoP9+8KHPZubGrXcujVW+o=,HX8sTIyF8c3sWgKrV528LjW6XGA=
-66,-65,Kk0SAaoP9+8KHPZubGrXcujVW+o=,HX8sTIyF8c3sWgKrV528LjW6XGA=
-68,-67,Kk0SAaoP9+8KHPZubGrXcujVW+o=,HX8sTIyF8c3sWgKrV528LjW6XGA=
-67,-65,Kk0SAaoP9+8KHPZubGrXcujVW+o=,HX8sTIyF8c3sWgKrV528LjW6XGA=
