30,-34,D+it4h7U9YBbhnTB2hZf6qza0LA=,ODSmoilwztHQfwTIjt6OoXiWtvI=
30,-35,D+it4h7U9YBbhnTB2hZf6qza0LA=,ODSmoilwztHQfwTIjt6OoXiWtvI=
28,-34,D+it4h7U9YBbhnTB2hZf6qza0LA=,ODSmoilwztHQfwTIjt6OoXiWtvI=
29,-36,D+it4h7U9YBbhnTB2hZf6qza0LA=,ODSmoilwztHQfwTIjt6OoXiWtvI=
29,-35,D+it4h7U9YBbhnTB2hZf6qza0LA=,ODSmoilwztHQfwTIjt6OoXiWtvI=
29,-34,D+it4h7U9YBbhnTB2hZf6qza0LA=,ODSmoilwztHQfwTIjt6OoXiWtvI=
29,-33,D+it4h7U9YBbhnTB2hZf6qza0LA=,ODSmoilwztHQfwTIjt6OoXiWtvI=
30,-36,D+it4h7U9YBbhnTB2hZf6qza0LA=,ODSmoilwztHQfwTIjt6OoXiWtvI=
31,-33,D+it4h7U9YBbhnTB2hZf6qza0LA=,ODSmoilwztHQfwTIjt6OoXiWtvI=
28,-36,D+it4h7U9YBbhnTB2hZf6qza0LA=,ODSmoilwztHQfwTIjt6OoXiWtvI=
31,-36,D+it4h7U9YBbhnTB2hZf6qza0LA=,ODSmoilwztHQfwTIjt6OoXiWtvI=
31,-34,D+it4h7U9YBbhnTB2hZf6qza0LA=,ODSmoilwztHQfwTIjt6OoXiWtvI=
28,-33,D+it4h7U9YBbhnTB2hZf6qza0LA=,ODSmoilwztHQfwTIjt6OoXiWtvI=
31,-35,D+it4h7U9YBbhnTB2hZf6qza0LA=,ODSmoilwztHQfwTIjt6OoXiWtvI=
28,-35,D+it4h7U9YBbhnTB2hZf6qza0LA=,ODSmoilwztHQfwTIjt6OoXiWtvI=
30,-33,D+it4h7U9YBbhnTB2hZf6qza0LA=,ODSmoilwztHQfwTIjt6OoXiWtvI=
17,-33,vUUT0Se2lwsk0PepxVNUr1ELx2w=,73adfk0Z08G7Rs0vXTmdLwLF6jo=
18,-35,vUUT0Se2lwsk0PepxVNUr1ELx2w=,73adfk0Z08G7Rs0vXTmdLwLF6jo=
17,-34,vUUT0Se2lwsk0PepxVNUr1ELx2w=,73adfk0Z08G7Rs0vXTmdLwLF6jo=
17,-35,vUUT0Se2lwsk0PepxVNUr1ELx2w=,73adfk0Z08G7Rs0vXTmdLwLF6jo=
18,-39,xSTQQ1J4szgcgpEkaYmjYGgoIDE=,bsMgF1XY53dZz7WOghLlDqU/h1k=
18,-36,vUUT0Se2lwsk0PepxVNUr1ELx2w=,73adfk0Z08G7Rs0vXTmdLwLF6jo=
17,-38,xSTQQ1J4szgcgpEkaYmjYGgoIDE=,bsMgF1XY53dZz7WOghLlDqU/h1k=
17,-36,vUUT0Se2lwsk0PepxVNUr1ELx2w=,73adfk0Z08G7Rs0vXTmdLwLF6jo=
26,-34,xSTQQ1J4szgcgpEkaYmjYGgoIDE=,K+3YlGUNy4MC+hia5y7hVkprj7k=
25,-35,xSTQQ1J4szgcgpEkaYmjYGgoIDE=,K+3YlGUNy4MC+hia5y7hVkprj7k=
26,-35,xSTQQ1J4szgcgpEkaYmjYGgoIDE=,K+3YlGUNy4MC+hia5y7hVkprj7k=
18,-37,vUUT0Se2lwsk0PepxVNUr1ELx2w=,bsMgF1XY53dZz7WOghLlDqU/h1k=
17,-37,vUUT0Se2lwsk0PepxVNUr1ELx2w=,bsMgF1XY53dZz7WOghLlDqU/h1k=
25,-34,xSTQQ1J4szgcgpEkaYmjYGgoIDE=,K+3YlGUNy4MC+hia5y7hVkprj7k=
18,-38,xSTQQ1J4szgcgpEkaYmjYGgoIDE=,bsMgF1XY53dZz7WOghLlDqU/h1k=
24,-35,vUUT0Se2lwsk0PepxVNUr1ELx2w=,K+3YlGUNy4MC+hia5y7hVkprj7k=
23,-35,vUUT0Se2lwsk0PepxVNUr1ELx2w=,PBiH/CqBiCBGEja6tNRLfoTxA5k=
24,-34,vUUT0Se2lwsk0PepxVNUr1ELx2w=,K+3YlGUNy4MC+hia5y7hVkprj7k=
19,-35,vUUT0Se2lwsk0PepxVNUr1ELx2w=,73adfk0Z08G7Rs0vXTmdLwLF6jo=
23,-34,vUUT0Se2lwsk0PepxVNUr1ELx2w=,PBiH/CqBiCBGEja6tNRLfoTxA5k=
21,-37,vUUT0Se2lwsk0PepxVNUr1ELx2w=,fDGv4XUgKXWb8elhV6WQ7TWAra8=
20,-38,vUUT0Se2lwsk0PepxVNUr1ELx2w=,fDGv4XUgKXWb8elhV6WQ7TWAra8=
19,-37,vUUT0Se2lwsk0PepxVNUr1ELx2w=,bsMgF1XY53dZz7WOghLlDqU/h1k=
20,-37,vUUT0Se2lwsk0PepxVNUr1ELx2w=,fDGv4XUgKXWb8elhV6WQ7TWAra8=
20,-35,vUUT0Se2lwsk0PepxVNUr1ELx2w=,PBiH/CqBiCBGEja6tNRLfoTxA5k=
19,-38,vUUT0Se2lwsk0PepxVNUr1ELx2w=,bsMgF1XY53dZz7WOghLlDqU/h1k=
21,-36,vUUT0Se2lwsk0PepxVNUr1ELx2w=,PBiH/CqBiCBGEja6tNRLfoTxA5k=
22,-42,xSTQQ1J4szgcgpEkaYmjYGgoIDE=,zObABaLQIv2ks77s9hhd6j0hPXU=
19,-39,vUUT0Se2lwsk0PepxVNUr1ELx2w=,bsMgF1XY53dZz7WOghLlDqU/h1k=
21,-43,xSTQQ1J4szgcgpEkaYmjYGgoIDE=,zObABaLQIv2ks77s9hhd6j0hPXU=
22,-43,xSTQQ1J4szgcgpEkaYmjYGgoIDE=,zObABaLQIv2ks77s9hhd6j0hPXU=
21,-38,vUUT0Se2lwsk0PepxVNUr1ELx2w=,fDGv4XUgKXWb8elhV6WQ7TWAra8=
20,-36,vUUT0Se2lwsk0PepxVNUr1ELx2w=,PBiH/CqBiCBGEja6tNRLfoTxA5k=
19,-36,vUUT0Se2lwsk0PepxVNUr1ELx2w=,73adfk0Z08G7Rs0vXTmdLwLF6jo=
21,-35,vUUT0Se2lwsk0PepxVNUr1ELx2w=,PBiH/CqBiCBGEja6tNRLfoTxA5k=
22,-41,vUUT0Se2lwsk0PepxVNUr1ELx2w=,zObABaLQIv2ks77s9hhd6j0hPXU=
30,-38,vUUT0Se2lwsk0PepxVNUr1ELx2w=,L6LAUHTcZn7B7OHxhYhentOY6y0=
30,-39,vUUT0Se2lwsk0PepxVNUr1ELx2w=,L6LAUHTcZn7B7OHxhYhentOY6y0=
21,-42,xSTQQ1J4szgcgpEkaYmjYGgoIDE=,zObABaLQIv2ks77s9hhd6j0hPXU=
29,-47,vUUT0Se2lwsk0PepxVNUr1ELx2w=,lpZklZJAZwAIom13OFODVFPL2is=
26,-43,xSTQQ1J4szgcgpEkaYmjYGgoIDE=,xd9PLZEMnt61HZbatnqSZUbGQas=
25,-43,xSTQQ1J4szgcgpEkaYmjYGgoIDE=,xd9PLZEMnt61HZbatnqSZUbGQas=
28,-46,vUUT0Se2lwsk0PepxVNUr1ELx2w=,lpZklZJAZwAIom13OFODVFPL2is=
26,-42,vUUT0Se2lwsk0PepxVNUr1ELx2w=,xd9PLZEMnt61HZbatnqSZUbGQas=
25,-42,xSTQQ1J4szgcgpEkaYmjYGgoIDE=,xd9PLZEMnt61HZbatnqSZUbGQas=
24,-43,xSTQQ1J4szgcgpEkaYmjYGgoIDE=,xd9PLZEMnt61HZbatnqSZUbGQas=
25,-44,vUUT0Se2lwsk0PepxVNUr1ELx2w=,xd9PLZEMnt61HZbatnqSZUbGQas=
29,-38,vUUT0Se2lwsk0PepxVNUr1ELx2w=,L6LAUHTcZn7B7OHxhYhentOY6y0=
26,-44,vUUT0Se2lwsk0PepxVNUr1ELx2w=,xd9PLZEMnt61HZbatnqSZUbGQas=
24,-42,xSTQQ1J4szgcgpEkaYmjYGgoIDE=,xd9PLZEMnt61HZbatnqSZUbGQas=
30,-46,vUUT0Se2lwsk0PepxVNUr1ELx2w=,lpZklZJAZwAIom13OFODVFPL2is=
30,-47,vUUT0Se2lwsk0PepxVNUr1ELx2w=,lpZklZJAZwAIom13OFODVFPL2is=
23,-42,xSTQQ1J4szgcgpEkaYmjYGgoIDE=,zObABaLQIv2ks77s9hhd6j0hPXU=
27,-37,vUUT0Se2lwsk0PepxVNUr1ELx2w=,i3Tj75jrQQchPEF6Yp3Z9JqQF68=
28,-37,vUUT0Se2lwsk0PepxVNUr1ELx2w=,L6LAUHTcZn7B7OHxhYhentOY6y0=
31,-39,vUUT0Se2lwsk0PepxVNUr1ELx2w=,L6LAUHTcZn7B7OHxhYhentOY6y0=
27,-36,vUUT0Se2lwsk0PepxVNUr1ELx2w=,K+3YlGUNy4MC+hia5y7hVkprj7k=
29,-46,vUUT0Se2lwsk0PepxVNUr1ELx2w=,lpZklZJAZwAIom13OFODVFPL2is=
31,-38,vUUT0Se2lwsk0PepxVNUr1ELx2w=,L6LAUHTcZn7B7OHxhYhentOY6y0=
27,-39,vUUT0Se2lwsk0PepxVNUr1ELx2w=,i3Tj75jrQQchPEF6Yp3Z9JqQF68=
29,-37,vUUT0Se2lwsk0PepxVNUr1ELx2w=,L6LAUHTcZn7B7OHxhYhentOY6y0=
29,-39,vUUT0Se2lwsk0PepxVNUr1ELx2w=,L6LAUHTcZn7B7OHxhYhentOY6y0=
21,-41,vUUT0Se2lwsk0PepxVNUr1ELx2w=,zObABaLQIv2ks77s9hhd6j0hPXU=
27,-34,vUUT0Se2lwsk0PepxVNUr1ELx2w=,K+3YlGUNy4MC+hia5y7hVkprj7k=
23,-40,vUUT0Se2lwsk0PepxVNUr1ELx2w=,fDGv4XUgKXWb8elhV6WQ7TWAra8=
24,-40,vUUT0Se2lwsk0PepxVNUr1ELx2w=,i3Tj75jrQQchPEF6Yp3Z9JqQF68=
22,-37,vUUT0Se2lwsk0PepxVNUr1ELx2w=,fDGv4XUgKXWb8elhV6WQ7TWAra8=
23,-38,vUUT0Se2lwsk0PepxVNUr1ELx2w=,fDGv4XUgKXWb8elhV6WQ7TWAra8=
22,-39,vUUT0Se2lwsk0PepxVNUr1ELx2w=,fDGv4XUgKXWb8elhV6WQ7TWAra8=
30,-37,vUUT0Se2lwsk0PepxVNUr1ELx2w=,L6LAUHTcZn7B7OHxhYhentOY6y0=
23,-43,xSTQQ1J4szgcgpEkaYmjYGgoIDE=,zObABaLQIv2ks77s9hhd6j0hPXU=
27,-35,vUUT0Se2lwsk0PepxVNUr1ELx2w=,K+3YlGUNy4MC+hia5y7hVkprj7k=
25,-39,vUUT0Se2lwsk0PepxVNUr1ELx2w=,i3Tj75jrQQchPEF6Yp3Z9JqQF68=
22,-40,vUUT0Se2lwsk0PepxVNUr1ELx2w=,fDGv4XUgKXWb8elhV6WQ7TWAra8=
23,-41,vUUT0Se2lwsk0PepxVNUr1ELx2w=,zObABaLQIv2ks77s9hhd6j0hPXU=
25,-36,xSTQQ1J4szgcgpEkaYmjYGgoIDE=,K+3YlGUNy4MC+hia5y7hVkprj7k=
24,-38,vUUT0Se2lwsk0PepxVNUr1ELx2w=,i3Tj75jrQQchPEF6Yp3Z9JqQF68=
22,-35,vUUT0Se2lwsk0PepxVNUr1ELx2w=,PBiH/CqBiCBGEja6tNRLfoTxA5k=
26,-37,xSTQQ1J4szgcgpEkaYmjYGgoIDE=,i3Tj75jrQQchPEF6Yp3Z9JqQF68=
22,-38,vUUT0Se2lwsk0PepxVNUr1ELx2w=,fDGv4XUgKXWb8elhV6WQ7TWAra8=
27,-38,vUUT0Se2lwsk0PepxVNUr1ELx2w=,i3Tj75jrQQchPEF6Yp3Z9JqQF68=
28,-48,vUUT0Se2lwsk0PepxVNUr1ELx2w=,lpZklZJAZwAIom13OFODVFPL2is=
25,-41,vUUT0Se2lwsk0PepxVNUr1ELx2w=,xd9PLZEMnt61HZbatnqSZUbGQas=
25,-38,xSTQQ1J4szgcgpEkaYmjYGgoIDE=,i3Tj75jrQQchPEF6Yp3Z9JqQF68=
22,-36,vUUT0Se2lwsk0PepxVNUr1ELx2w=,PBiH/CqBiCBGEja6tNRLfoTxA5k=
24,-39,vUUT0Se2lwsk0PepxVNUr1ELx2w=,i3Tj75jrQQchPEF6Yp3Z9JqQF68=
24,-36,vUUT0Se2lwsk0PepxVNUr1ELx2w=,K+3YlGUNy4MC+hia5y7hVkprj7k=
25,-40,vUUT0Se2lwsk0PepxVNUr1ELx2w=,i3Tj75jrQQchPEF6Yp3Z9JqQF68=
28,-38,vUUT0Se2lwsk0PepxVNUr1ELx2w=,L6LAUHTcZn7B7OHxhYhentOY6y0=
26,-38,xSTQQ1J4szgcgpEkaYmjYGgoIDE=,i3Tj75jrQQchPEF6Yp3Z9JqQF68=
28,-39,vUUT0Se2lwsk0PepxVNUr1ELx2w=,L6LAUHTcZn7B7OHxhYhentOY6y0=
24,-41,vUUT0Se2lwsk0PepxVNUr1ELx2w=,xd9PLZEMnt61HZbatnqSZUbGQas=
23,-39,vUUT0Se2lwsk0PepxVNUr1ELx2w=,fDGv4XUgKXWb8elhV6WQ7TWAra8=
30,-48,vUUT0Se2lwsk0PepxVNUr1ELx2w=,lpZklZJAZwAIom13OFODVFPL2is=
25,-37,xSTQQ1J4szgcgpEkaYmjYGgoIDE=,i3Tj75jrQQchPEF6Yp3Z9JqQF68=
26,-36,xSTQQ1J4szgcgpEkaYmjYGgoIDE=,K+3YlGUNy4MC+hia5y7hVkprj7k=
23,-36,vUUT0Se2lwsk0PepxVNUr1ELx2w=,PBiH/CqBiCBGEja6tNRLfoTxA5k=
24,-37,vUUT0Se2lwsk0PepxVNUr1ELx2w=,i3Tj75jrQQchPEF6Yp3Z9JqQF68=
23,-37,vUUT0Se2lwsk0PepxVNUr1ELx2w=,fDGv4XUgKXWb8elhV6WQ7TWAra8=
29,-48,vUUT0Se2lwsk0PepxVNUr1ELx2w=,lpZklZJAZwAIom13OFODVFPL2is=
28,-47,vUUT0Se2lwsk0PepxVNUr1ELx2w=,lpZklZJAZwAIom13OFODVFPL2is=
26,-33,vUUT0Se2lwsk0PepxVNUr1ELx2w=,K+3YlGUNy4MC+hia5y7hVkprj7k=
25,-33,vUUT0Se2lwsk0PepxVNUr1ELx2w=,K+3YlGUNy4MC+hia5y7hVkprj7k=
27,-33,vUUT0Se2lwsk0PepxVNUr1ELx2w=,K+3YlGUNy4MC+hia5y7hVkprj7k=
19,-34,vUUT0Se2lwsk0PepxVNUr1ELx2w=,73adfk0Z08G7Rs0vXTmdLwLF6jo=
18,-34,vUUT0Se2lwsk0PepxVNUr1ELx2w=,73adfk0Z08G7Rs0vXTmdLwLF6jo=
22,-34,vUUT0Se2lwsk0PepxVNUr1ELx2w=,PBiH/CqBiCBGEja6tNRLfoTxA5k=
31,-47,vUUT0Se2lwsk0PepxVNUr1ELx2w=,lpZklZJAZwAIom13OFODVFPL2is=
31,-46,vUUT0Se2lwsk0PepxVNUr1ELx2w=,lpZklZJAZwAIom13OFODVFPL2is=
20,-34,vUUT0Se2lwsk0PepxVNUr1ELx2w=,PBiH/CqBiCBGEja6tNRLfoTxA5k=
24,-33,vUUT0Se2lwsk0PepxVNUr1ELx2w=,K+3YlGUNy4MC+hia5y7hVkprj7k=
23,-33,vUUT0Se2lwsk0PepxVNUr1ELx2w=,PBiH/CqBiCBGEja6tNRLfoTxA5k=
20,-33,vUUT0Se2lwsk0PepxVNUr1ELx2w=,PBiH/CqBiCBGEja6tNRLfoTxA5k=
31,-48,vUUT0Se2lwsk0PepxVNUr1ELx2w=,lpZklZJAZwAIom13OFODVFPL2is=
19,-33,vUUT0Se2lwsk0PepxVNUr1ELx2w=,73adfk0Z08G7Rs0vXTmdLwLF6jo=
22,-33,vUUT0Se2lwsk0PepxVNUr1ELx2w=,PBiH/CqBiCBGEja6tNRLfoTxA5k=
21,-34,vUUT0Se2lwsk0PepxVNUr1ELx2w=,PBiH/CqBiCBGEja6tNRLfoTxA5k=
18,-33,vUUT0Se2lwsk0PepxVNUr1ELx2w=,73adfk0Z08G7Rs0vXTmdLwLF6jo=
21,-33,vUUT0Se2lwsk0PepxVNUr1ELx2w=,PBiH/CqBiCBGEja6tNRLfoTxA5k=
17,-47,xZLCrWLdJoBbY5pCT380En+8iWg=,y8/LmZOFYKTRtnMcFRmujkb3Oyg=
22,-44,vUUT0Se2lwsk0PepxVNUr1ELx2w=,zObABaLQIv2ks77s9hhd6j0hPXU=
19,-46,xZLCrWLdJoBbY5pCT380En+8iWg=,y8/LmZOFYKTRtnMcFRmujkb3Oyg=
21,-44,vUUT0Se2lwsk0PepxVNUr1ELx2w=,zObABaLQIv2ks77s9hhd6j0hPXU=
24,-44,vUUT0Se2lwsk0PepxVNUr1ELx2w=,xd9PLZEMnt61HZbatnqSZUbGQas=
17,-46,AxId1KE+bEIMsWTpMolzHwm3P7o=,y8/LmZOFYKTRtnMcFRmujkb3Oyg=
19,-47,AxId1KE+bEIMsWTpMolzHwm3P7o=,y8/LmZOFYKTRtnMcFRmujkb3Oyg=
18,-46,AxId1KE+bEIMsWTpMolzHwm3P7o=,y8/LmZOFYKTRtnMcFRmujkb3Oyg=
18,-47,AxId1KE+bEIMsWTpMolzHwm3P7o=,y8/LmZOFYKTRtnMcFRmujkb3Oyg=
28,-40,vUUT0Se2lwsk0PepxVNUr1ELx2w=,L6LAUHTcZn7B7OHxhYhentOY6y0=
23,-44,vUUT0Se2lwsk0PepxVNUr1ELx2w=,zObABaLQIv2ks77s9hhd6j0hPXU=
28,-43,vUUT0Se2lwsk0PepxVNUr1ELx2w=,H15jeZU2C3Wr1hUJe8+M98CPijQ=
28,-44,vUUT0Se2lwsk0PepxVNUr1ELx2w=,H15jeZU2C3Wr1hUJe8+M98CPijQ=
30,-45,vUUT0Se2lwsk0PepxVNUr1ELx2w=,lpZklZJAZwAIom13OFODVFPL2is=
31,-42,vUUT0Se2lwsk0PepxVNUr1ELx2w=,H15jeZU2C3Wr1hUJe8+M98CPijQ=
16,-43,AxId1KE+bEIMsWTpMolzHwm3P7o=,UDFY8IMqe3NovG5sc2Z3x4zRzoc=
20,-42,vUUT0Se2lwsk0PepxVNUr1ELx2w=,zObABaLQIv2ks77s9hhd6j0hPXU=
19,-44,AxId1KE+bEIMsWTpMolzHwm3P7o=,UDFY8IMqe3NovG5sc2Z3x4zRzoc=
27,-40,vUUT0Se2lwsk0PepxVNUr1ELx2w=,i3Tj75jrQQchPEF6Yp3Z9JqQF68=
18,-44,AxId1KE+bEIMsWTpMolzHwm3P7o=,UDFY8IMqe3NovG5sc2Z3x4zRzoc=
17,-44,AxId1KE+bEIMsWTpMolzHwm3P7o=,UDFY8IMqe3NovG5sc2Z3x4zRzoc=
20,-40,vUUT0Se2lwsk0PepxVNUr1ELx2w=,fDGv4XUgKXWb8elhV6WQ7TWAra8=
18,-42,AxId1KE+bEIMsWTpMolzHwm3P7o=,UDFY8IMqe3NovG5sc2Z3x4zRzoc=
26,-39,vUUT0Se2lwsk0PepxVNUr1ELx2w=,i3Tj75jrQQchPEF6Yp3Z9JqQF68=
17,-45,AxId1KE+bEIMsWTpMolzHwm3P7o=,y8/LmZOFYKTRtnMcFRmujkb3Oyg=
19,-41,AxId1KE+bEIMsWTpMolzHwm3P7o=,UDFY8IMqe3NovG5sc2Z3x4zRzoc=
20,-43,vUUT0Se2lwsk0PepxVNUr1ELx2w=,zObABaLQIv2ks77s9hhd6j0hPXU=
29,-41,vUUT0Se2lwsk0PepxVNUr1ELx2w=,H15jeZU2C3Wr1hUJe8+M98CPijQ=
31,-45,vUUT0Se2lwsk0PepxVNUr1ELx2w=,lpZklZJAZwAIom13OFODVFPL2is=
19,-40,vUUT0Se2lwsk0PepxVNUr1ELx2w=,bsMgF1XY53dZz7WOghLlDqU/h1k=
27,-43,vUUT0Se2lwsk0PepxVNUr1ELx2w=,xd9PLZEMnt61HZbatnqSZUbGQas=
31,-44,vUUT0Se2lwsk0PepxVNUr1ELx2w=,H15jeZU2C3Wr1hUJe8+M98CPijQ=
30,-41,vUUT0Se2lwsk0PepxVNUr1ELx2w=,H15jeZU2C3Wr1hUJe8+M98CPijQ=
26,-40,vUUT0Se2lwsk0PepxVNUr1ELx2w=,i3Tj75jrQQchPEF6Yp3Z9JqQF68=
20,-41,vUUT0Se2lwsk0PepxVNUr1ELx2w=,zObABaLQIv2ks77s9hhd6j0hPXU=
29,-40,vUUT0Se2lwsk0PepxVNUr1ELx2w=,L6LAUHTcZn7B7OHxhYhentOY6y0=
26,-41,vUUT0Se2lwsk0PepxVNUr1ELx2w=,xd9PLZEMnt61HZbatnqSZUbGQas=
30,-44,vUUT0Se2lwsk0PepxVNUr1ELx2w=,H15jeZU2C3Wr1hUJe8+M98CPijQ=
27,-44,vUUT0Se2lwsk0PepxVNUr1ELx2w=,xd9PLZEMnt61HZbatnqSZUbGQas=
29,-45,vUUT0Se2lwsk0PepxVNUr1ELx2w=,lpZklZJAZwAIom13OFODVFPL2is=
29,-43,vUUT0Se2lwsk0PepxVNUr1ELx2w=,H15jeZU2C3Wr1hUJe8+M98CPijQ=
18,-40,vUUT0Se2lwsk0PepxVNUr1ELx2w=,bsMgF1XY53dZz7WOghLlDqU/h1k=
20,-44,vUUT0Se2lwsk0PepxVNUr1ELx2w=,zObABaLQIv2ks77s9hhd6j0hPXU=
31,-40,vUUT0Se2lwsk0PepxVNUr1ELx2w=,L6LAUHTcZn7B7OHxhYhentOY6y0=
31,-41,vUUT0Se2lwsk0PepxVNUr1ELx2w=,H15jeZU2C3Wr1hUJe8+M98CPijQ=
20,-39,vUUT0Se2lwsk0PepxVNUr1ELx2w=,fDGv4XUgKXWb8elhV6WQ7TWAra8=
18,-45,AxId1KE+bEIMsWTpMolzHwm3P7o=,y8/LmZOFYKTRtnMcFRmujkb3Oyg=
16,-42,AxId1KE+bEIMsWTpMolzHwm3P7o=,UDFY8IMqe3NovG5sc2Z3x4zRzoc=
27,-41,vUUT0Se2lwsk0PepxVNUr1ELx2w=,xd9PLZEMnt61HZbatnqSZUbGQas=
17,-43,AxId1KE+bEIMsWTpMolzHwm3P7o=,UDFY8IMqe3NovG5sc2Z3x4zRzoc=
28,-41,vUUT0Se2lwsk0PepxVNUr1ELx2w=,H15jeZU2C3Wr1hUJe8+M98CPijQ=
30,-42,vUUT0Se2lwsk0PepxVNUr1ELx2w=,H15jeZU2C3Wr1hUJe8+M98CPijQ=
30,-40,vUUT0Se2lwsk0PepxVNUr1ELx2w=,L6LAUHTcZn7B7OHxhYhentOY6y0=
28,-42,vUUT0Se2lwsk0PepxVNUr1ELx2w=,H15jeZU2C3Wr1hUJe8+M98CPijQ=
29,-42,vUUT0Se2lwsk0PepxVNUr1ELx2w=,H15jeZU2C3Wr1hUJe8+M98CPijQ=
29,-44,vUUT0Se2lwsk0PepxVNUr1ELx2w=,H15jeZU2C3Wr1hUJe8+M98CPijQ=
19,-42,AxId1KE+bEIMsWTpMolzHwm3P7o=,UDFY8IMqe3NovG5sc2Z3x4zRzoc=
30,-43,vUUT0Se2lwsk0PepxVNUr1ELx2w=,H15jeZU2C3Wr1hUJe8+M98CPijQ=
21,-39,vUUT0Se2lwsk0PepxVNUr1ELx2w=,fDGv4XUgKXWb8elhV6WQ7TWAra8=
31,-43,vUUT0Se2lwsk0PepxVNUr1ELx2w=,H15jeZU2C3Wr1hUJe8+M98CPijQ=
27,-42,vUUT0Se2lwsk0PepxVNUr1ELx2w=,xd9PLZEMnt61HZbatnqSZUbGQas=
18,-43,AxId1KE+bEIMsWTpMolzHwm3P7o=,UDFY8IMqe3NovG5sc2Z3x4zRzoc=
28,-45,vUUT0Se2lwsk0PepxVNUr1ELx2w=,lpZklZJAZwAIom13OFODVFPL2is=
18,-41,AxId1KE+bEIMsWTpMolzHwm3P7o=,UDFY8IMqe3NovG5sc2Z3x4zRzoc=
19,-45,AxId1KE+bEIMsWTpMolzHwm3P7o=,y8/LmZOFYKTRtnMcFRmujkb3Oyg=
19,-43,AxId1KE+bEIMsWTpMolzHwm3P7o=,UDFY8IMqe3NovG5sc2Z3x4zRzoc=
21,-40,vUUT0Se2lwsk0PepxVNUr1ELx2w=,fDGv4XUgKXWb8elhV6WQ7TWAra8=
16,-39,vUUT0Se2lwsk0PepxVNUr1ELx2w=,bsMgF1XY53dZz7WOghLlDqU/h1k=
17,-39,vUUT0Se2lwsk0PepxVNUr1ELx2w=,bsMgF1XY53dZz7WOghLlDqU/h1k=
16,-40,vUUT0Se2lwsk0PepxVNUr1ELx2w=,bsMgF1XY53dZz7WOghLlDqU/h1k=
17,-40,vUUT0Se2lwsk0PepxVNUr1ELx2w=,bsMgF1XY53dZz7WOghLlDqU/h1k=
16,-47,AxId1KE+bEIMsWTpMolzHwm3P7o=,y8/LmZOFYKTRtnMcFRmujkb3Oyg=
16,-46,AxId1KE+bEIMsWTpMolzHwm3P7o=,y8/LmZOFYKTRtnMcFRmujkb3Oyg=
17,-48,AxId1KE+bEIMsWTpMolzHwm3P7o=,y8/LmZOFYKTRtnMcFRmujkb3Oyg=
16,-45,AxId1KE+bEIMsWTpMolzHwm3P7o=,y8/LmZOFYKTRtnMcFRmujkb3Oyg=
16,-41,AxId1KE+bEIMsWTpMolzHwm3P7o=,UDFY8IMqe3NovG5sc2Z3x4zRzoc=
16,-44,AxId1KE+bEIMsWTpMolzHwm3P7o=,UDFY8IMqe3NovG5sc2Z3x4zRzoc=
18,-48,AxId1KE+bEIMsWTpMolzHwm3P7o=,y8/LmZOFYKTRtnMcFRmujkb3Oyg=
16,-35,vUUT0Se2lwsk0PepxVNUr1ELx2w=,73adfk0Z08G7Rs0vXTmdLwLF6jo=
31,-37,vUUT0Se2lwsk0PepxVNUr1ELx2w=,L6LAUHTcZn7B7OHxhYhentOY6y0=
16,-48,AxId1KE+bEIMsWTpMolzHwm3P7o=,y8/LmZOFYKTRtnMcFRmujkb3Oyg=
16,-38,vUUT0Se2lwsk0PepxVNUr1ELx2w=,bsMgF1XY53dZz7WOghLlDqU/h1k=
17,-42,AxId1KE+bEIMsWTpMolzHwm3P7o=,UDFY8IMqe3NovG5sc2Z3x4zRzoc=
16,-37,vUUT0Se2lwsk0PepxVNUr1ELx2w=,bsMgF1XY53dZz7WOghLlDqU/h1k=
16,-33,vUUT0Se2lwsk0PepxVNUr1ELx2w=,73adfk0Z08G7Rs0vXTmdLwLF6jo=
16,-36,vUUT0Se2lwsk0PepxVNUr1ELx2w=,73adfk0Z08G7Rs0vXTmdLwLF6jo=
19,-48,AxId1KE+bEIMsWTpMolzHwm3P7o=,y8/LmZOFYKTRtnMcFRmujkb3Oyg=
16,-34,vUUT0Se2lwsk0PepxVNUr1ELx2w=,73adfk0Z08G7Rs0vXTmdLwLF6jo=
17,-41,AxId1KE+bEIMsWTpMolzHwm3P7o=,UDFY8IMqe3NovG5sc2Z3x4zRzoc=
18,-63,Pwru0DH/Qp44xvZqGvh5R9h2Tb8=,EwqR2Hny3JM3lynK3ccScfa4J/E=
18,-62,mTdWGaEWj79nsn1hmkKt5a2sZvQ=,EwqR2Hny3JM3lynK3ccScfa4J/E=
17,-62,mTdWGaEWj79nsn1hmkKt5a2sZvQ=,EwqR2Hny3JM3lynK3ccScfa4J/E=
17,-63,mTdWGaEWj79nsn1hmkKt5a2sZvQ=,EwqR2Hny3JM3lynK3ccScfa4J/E=
21,-58,bcsKDZ0qtKso+Uxz0wHpvCEYppk=,8rv3AZv9vlfKm3sS1ZAqEqoN0Lk=
22,-58,bcsKDZ0qtKso+Uxz0wHpvCEYppk=,8rv3AZv9vlfKm3sS1ZAqEqoN0Lk=
21,-57,bcsKDZ0qtKso+Uxz0wHpvCEYppk=,8rv3AZv9vlfKm3sS1ZAqEqoN0Lk=
22,-59,bcsKDZ0qtKso+Uxz0wHpvCEYppk=,8rv3AZv9vlfKm3sS1ZAqEqoN0Lk=
17,-61,Pwru0DH/Qp44xvZqGvh5R9h2Tb8=,EwqR2Hny3JM3lynK3ccScfa4J/E=
18,-54,AJ7UWULrvQOqhLF3zvK246zAtBM=,etg97SgVNpBkJSTnI7PLZPGCr3M=
21,-59,AJ7UWULrvQOqhLF3zvK246zAtBM=,8rv3AZv9vlfKm3sS1ZAqEqoN0Lk=
18,-58,AJ7UWULrvQOqhLF3zvK246zAtBM=,DHWKh3q14wB0D0RZK/jwTJU7RSU=
16,-54,AJ7UWULrvQOqhLF3zvK246zAtBM=,etg97SgVNpBkJSTnI7PLZPGCr3M=
17,-60,AJ7UWULrvQOqhLF3zvK246zAtBM=,DHWKh3q14wB0D0RZK/jwTJU7RSU=
16,-55,AJ7UWULrvQOqhLF3zvK246zAtBM=,etg97SgVNpBkJSTnI7PLZPGCr3M=
17,-58,AJ7UWULrvQOqhLF3zvK246zAtBM=,DHWKh3q14wB0D0RZK/jwTJU7RSU=
18,-59,AJ7UWULrvQOqhLF3zvK246zAtBM=,DHWKh3q14wB0D0RZK/jwTJU7RSU=
17,-55,AJ7UWULrvQOqhLF3zvK246zAtBM=,etg97SgVNpBkJSTnI7PLZPGCr3M=
17,-59,AJ7UWULrvQOqhLF3zvK246zAtBM=,DHWKh3q14wB0D0RZK/jwTJU7RSU=
19,-56,AJ7UWULrvQOqhLF3zvK246zAtBM=,etg97SgVNpBkJSTnI7PLZPGCr3M=
18,-61,Pwru0DH/Qp44xvZqGvh5R9h2Tb8=,EwqR2Hny3JM3lynK3ccScfa4J/E=
17,-54,AJ7UWULrvQOqhLF3zvK246zAtBM=,etg97SgVNpBkJSTnI7PLZPGCr3M=
19,-57,AJ7UWULrvQOqhLF3zvK246zAtBM=,DHWKh3q14wB0D0RZK/jwTJU7RSU=
20,-58,AJ7UWULrvQOqhLF3zvK246zAtBM=,8rv3AZv9vlfKm3sS1ZAqEqoN0Lk=
18,-56,AJ7UWULrvQOqhLF3zvK246zAtBM=,etg97SgVNpBkJSTnI7PLZPGCr3M=
19,-55,AJ7UWULrvQOqhLF3zvK246zAtBM=,etg97SgVNpBkJSTnI7PLZPGCr3M=
17,-56,AJ7UWULrvQOqhLF3zvK246zAtBM=,etg97SgVNpBkJSTnI7PLZPGCr3M=
18,-55,AJ7UWULrvQOqhLF3zvK246zAtBM=,etg97SgVNpBkJSTnI7PLZPGCr3M=
20,-57,AJ7UWULrvQOqhLF3zvK246zAtBM=,8rv3AZv9vlfKm3sS1ZAqEqoN0Lk=
17,-57,AJ7UWULrvQOqhLF3zvK246zAtBM=,DHWKh3q14wB0D0RZK/jwTJU7RSU=
18,-57,AJ7UWULrvQOqhLF3zvK246zAtBM=,DHWKh3q14wB0D0RZK/jwTJU7RSU=
19,-58,AJ7UWULrvQOqhLF3zvK246zAtBM=,DHWKh3q14wB0D0RZK/jwTJU7RSU=
19,-54,AJ7UWULrvQOqhLF3zvK246zAtBM=,etg97SgVNpBkJSTnI7PLZPGCr3M=
22,-57,AJ7UWULrvQOqhLF3zvK246zAtBM=,8rv3AZv9vlfKm3sS1ZAqEqoN0Lk=
18,-60,AJ7UWULrvQOqhLF3zvK246zAtBM=,DHWKh3q14wB0D0RZK/jwTJU7RSU=
19,-62,mTdWGaEWj79nsn1hmkKt5a2sZvQ=,EwqR2Hny3JM3lynK3ccScfa4J/E=
23,-58,AJ7UWULrvQOqhLF3zvK246zAtBM=,8rv3AZv9vlfKm3sS1ZAqEqoN0Lk=
23,-61,Pwru0DH/Qp44xvZqGvh5R9h2Tb8=,bbd50HqjtrPxHOyi2OMVzi7wJRM=
23,-60,AJ7UWULrvQOqhLF3zvK246zAtBM=,8rv3AZv9vlfKm3sS1ZAqEqoN0Lk=
19,-61,Pwru0DH/Qp44xvZqGvh5R9h2Tb8=,EwqR2Hny3JM3lynK3ccScfa4J/E=
22,-62,Pwru0DH/Qp44xvZqGvh5R9h2Tb8=,bbd50HqjtrPxHOyi2OMVzi7wJRM=
16,-60,AJ7UWULrvQOqhLF3zvK246zAtBM=,DHWKh3q14wB0D0RZK/jwTJU7RSU=
23,-63,mTdWGaEWj79nsn1hmkKt5a2sZvQ=,bbd50HqjtrPxHOyi2OMVzi7wJRM=
19,-63,Pwru0DH/Qp44xvZqGvh5R9h2Tb8=,EwqR2Hny3JM3lynK3ccScfa4J/E=
21,-61,Pwru0DH/Qp44xvZqGvh5R9h2Tb8=,bbd50HqjtrPxHOyi2OMVzi7wJRM=
20,-60,AJ7UWULrvQOqhLF3zvK246zAtBM=,8rv3AZv9vlfKm3sS1ZAqEqoN0Lk=
20,-62,mTdWGaEWj79nsn1hmkKt5a2sZvQ=,bbd50HqjtrPxHOyi2OMVzi7wJRM=
22,-61,Pwru0DH/Qp44xvZqGvh5R9h2Tb8=,bbd50HqjtrPxHOyi2OMVzi7wJRM=
19,-59,AJ7UWULrvQOqhLF3zvK246zAtBM=,DHWKh3q14wB0D0RZK/jwTJU7RSU=
19,-60,AJ7UWULrvQOqhLF3zvK246zAtBM=,DHWKh3q14wB0D0RZK/jwTJU7RSU=
20,-61,mTdWGaEWj79nsn1hmkKt5a2sZvQ=,bbd50HqjtrPxHOyi2OMVzi7wJRM=
22,-60,AJ7UWULrvQOqhLF3zvK246zAtBM=,8rv3AZv9vlfKm3sS1ZAqEqoN0Lk=
23,-64,mTdWGaEWj79nsn1hmkKt5a2sZvQ=,bbd50HqjtrPxHOyi2OMVzi7wJRM=
16,-63,mTdWGaEWj79nsn1hmkKt5a2sZvQ=,EwqR2Hny3JM3lynK3ccScfa4J/E=
23,-62,mTdWGaEWj79nsn1hmkKt5a2sZvQ=,bbd50HqjtrPxHOyi2OMVzi7wJRM=
16,-61,mTdWGaEWj79nsn1hmkKt5a2sZvQ=,EwqR2Hny3JM3lynK3ccScfa4J/E=
23,-57,AJ7UWULrvQOqhLF3zvK246zAtBM=,8rv3AZv9vlfKm3sS1ZAqEqoN0Lk=
20,-59,AJ7UWULrvQOqhLF3zvK246zAtBM=,8rv3AZv9vlfKm3sS1ZAqEqoN0Lk=
21,-60,AJ7UWULrvQOqhLF3zvK246zAtBM=,8rv3AZv9vlfKm3sS1ZAqEqoN0Lk=
23,-59,AJ7UWULrvQOqhLF3zvK246zAtBM=,8rv3AZv9vlfKm3sS1ZAqEqoN0Lk=
22,-64,mTdWGaEWj79nsn1hmkKt5a2sZvQ=,bbd50HqjtrPxHOyi2OMVzi7wJRM=
16,-59,AJ7UWULrvQOqhLF3zvK246zAtBM=,DHWKh3q14wB0D0RZK/jwTJU7RSU=
16,-62,mTdWGaEWj79nsn1hmkKt5a2sZvQ=,EwqR2Hny3JM3lynK3ccScfa4J/E=
18,-64,Pwru0DH/Qp44xvZqGvh5R9h2Tb8=,EwqR2Hny3JM3lynK3ccScfa4J/E=
21,-62,mTdWGaEWj79nsn1hmkKt5a2sZvQ=,bbd50HqjtrPxHOyi2OMVzi7wJRM=
16,-56,AJ7UWULrvQOqhLF3zvK246zAtBM=,etg97SgVNpBkJSTnI7PLZPGCr3M=
16,-58,AJ7UWULrvQOqhLF3zvK246zAtBM=,DHWKh3q14wB0D0RZK/jwTJU7RSU=
16,-57,AJ7UWULrvQOqhLF3zvK246zAtBM=,DHWKh3q14wB0D0RZK/jwTJU7RSU=
19,-64,Pwru0DH/Qp44xvZqGvh5R9h2Tb8=,EwqR2Hny3JM3lynK3ccScfa4J/E=
16,-64,mTdWGaEWj79nsn1hmkKt5a2sZvQ=,EwqR2Hny3JM3lynK3ccScfa4J/E=
17,-64,mTdWGaEWj79nsn1hmkKt5a2sZvQ=,EwqR2Hny3JM3lynK3ccScfa4J/E=
16,-53,AJ7UWULrvQOqhLF3zvK246zAtBM=,etg97SgVNpBkJSTnI7PLZPGCr3M=
22,-63,mTdWGaEWj79nsn1hmkKt5a2sZvQ=,bbd50HqjtrPxHOyi2OMVzi7wJRM=
17,-51,AJ7UWULrvQOqhLF3zvK246zAtBM=,4s4mckK1JemQrQjxyLylb7WW7Qw=
20,-64,Pwru0DH/Qp44xvZqGvh5R9h2Tb8=,bbd50HqjtrPxHOyi2OMVzi7wJRM=
19,-51,AJ7UWULrvQOqhLF3zvK246zAtBM=,4s4mckK1JemQrQjxyLylb7WW7Qw=
21,-63,Pwru0DH/Qp44xvZqGvh5R9h2Tb8=,bbd50HqjtrPxHOyi2OMVzi7wJRM=
20,-63,Pwru0DH/Qp44xvZqGvh5R9h2Tb8=,bbd50HqjtrPxHOyi2OMVzi7wJRM=
16,-50,AJ7UWULrvQOqhLF3zvK246zAtBM=,4s4mckK1JemQrQjxyLylb7WW7Qw=
17,-49,AJ7UWULrvQOqhLF3zvK246zAtBM=,4s4mckK1JemQrQjxyLylb7WW7Qw=
18,-49,AJ7UWULrvQOqhLF3zvK246zAtBM=,4s4mckK1JemQrQjxyLylb7WW7Qw=
17,-50,AJ7UWULrvQOqhLF3zvK246zAtBM=,4s4mckK1JemQrQjxyLylb7WW7Qw=
16,-51,AJ7UWULrvQOqhLF3zvK246zAtBM=,4s4mckK1JemQrQjxyLylb7WW7Qw=
17,-52,AJ7UWULrvQOqhLF3zvK246zAtBM=,4s4mckK1JemQrQjxyLylb7WW7Qw=
16,-49,AJ7UWULrvQOqhLF3zvK246zAtBM=,4s4mckK1JemQrQjxyLylb7WW7Qw=
17,-53,AJ7UWULrvQOqhLF3zvK246zAtBM=,etg97SgVNpBkJSTnI7PLZPGCr3M=
16,-52,AJ7UWULrvQOqhLF3zvK246zAtBM=,4s4mckK1JemQrQjxyLylb7WW7Qw=
19,-53,AJ7UWULrvQOqhLF3zvK246zAtBM=,etg97SgVNpBkJSTnI7PLZPGCr3M=
18,-52,AJ7UWULrvQOqhLF3zvK246zAtBM=,4s4mckK1JemQrQjxyLylb7WW7Qw=
18,-50,AJ7UWULrvQOqhLF3zvK246zAtBM=,4s4mckK1JemQrQjxyLylb7WW7Qw=
19,-52,AJ7UWULrvQOqhLF3zvK246zAtBM=,4s4mckK1JemQrQjxyLylb7WW7Qw=
19,-50,AJ7UWULrvQOqhLF3zvK246zAtBM=,4s4mckK1JemQrQjxyLylb7WW7Qw=
18,-53,AJ7UWULrvQOqhLF3zvK246zAtBM=,etg97SgVNpBkJSTnI7PLZPGCr3M=
18,-51,AJ7UWULrvQOqhLF3zvK246zAtBM=,4s4mckK1JemQrQjxyLylb7WW7Qw=
21,-64,Pwru0DH/Qp44xvZqGvh5R9h2Tb8=,bbd50HqjtrPxHOyi2OMVzi7wJRM=
19,-49,AJ7UWULrvQOqhLF3zvK246zAtBM=,4s4mckK1JemQrQjxyLylb7WW7Qw=
13,-49,wNJcemAxQ3ZtG+h2WriLpJPwmh0=,iHn3iFjbXlasl6qFSPb3vuRb2os=
12,-49,wNJcemAxQ3ZtG+h2WriLpJPwmh0=,iHn3iFjbXlasl6qFSPb3vuRb2os=
14,-49,wNJcemAxQ3ZtG+h2WriLpJPwmh0=,iHn3iFjbXlasl6qFSPb3vuRb2os=
12,-50,wNJcemAxQ3ZtG+h2WriLpJPwmh0=,iHn3iFjbXlasl6qFSPb3vuRb2os=
12,-52,wNJcemAxQ3ZtG+h2WriLpJPwmh0=,iHn3iFjbXlasl6qFSPb3vuRb2os=
13,-52,wNJcemAxQ3ZtG+h2WriLpJPwmh0=,iHn3iFjbXlasl6qFSPb3vuRb2os=
14,-51,wNJcemAxQ3ZtG+h2WriLpJPwmh0=,iHn3iFjbXlasl6qFSPb3vuRb2os=
12,-51,wNJcemAxQ3ZtG+h2WriLpJPwmh0=,iHn3iFjbXlasl6qFSPb3vuRb2os=
13,-51,wNJcemAxQ3ZtG+h2WriLpJPwmh0=,iHn3iFjbXlasl6qFSPb3vuRb2os=
14,-52,wNJcemAxQ3ZtG+h2WriLpJPwmh0=,iHn3iFjbXlasl6qFSPb3vuRb2os=
15,-51,wNJcemAxQ3ZtG+h2WriLpJPwmh0=,iHn3iFjbXlasl6qFSPb3vuRb2os=
15,-50,wNJcemAxQ3ZtG+h2WriLpJPwmh0=,iHn3iFjbXlasl6qFSPb3vuRb2os=
15,-52,wNJcemAxQ3ZtG+h2WriLpJPwmh0=,iHn3iFjbXlasl6qFSPb3vuRb2os=
14,-50,wNJcemAxQ3ZtG+h2WriLpJPwmh0=,iHn3iFjbXlasl6qFSPb3vuRb2os=
13,-50,wNJcemAxQ3ZtG+h2WriLpJPwmh0=,iHn3iFjbXlasl6qFSPb3vuRb2os=
15,-49,wNJcemAxQ3ZtG+h2WriLpJPwmh0=,iHn3iFjbXlasl6qFSPb3vuRb2os=
10,-39,uubUc5FLauMPH/sj+eeNHpxE+Xo=,gSrCLMRCULX32UTspDFFTEVP4Kw=
9,-39,uubUc5FLauMPH/sj+eeNHpxE+Xo=,gSrCLMRCULX32UTspDFFTEVP4Kw=
10,-38,Ihra9D8deuJOHLcjjL27s8QDhJA=,gSrCLMRCULX32UTspDFFTEVP4Kw=
9,-38,kR5IlaIBKBgBUfnPdqAIo0NZxsU=,gSrCLMRCULX32UTspDFFTEVP4Kw=
9,-37,kR5IlaIBKBgBUfnPdqAIo0NZxsU=,gSrCLMRCULX32UTspDFFTEVP4Kw=
9,-35,kR5IlaIBKBgBUfnPdqAIo0NZxsU=,6g8CBerrJZI0K8df2TOGRY+b7T4=
10,-36,Ihra9D8deuJOHLcjjL27s8QDhJA=,6g8CBerrJZI0K8df2TOGRY+b7T4=
10,-35,Ihra9D8deuJOHLcjjL27s8QDhJA=,6g8CBerrJZI0K8df2TOGRY+b7T4=
14,-46,wNJcemAxQ3ZtG+h2WriLpJPwmh0=,lpwc5cvFN3yNDMM8122SfTmxORo=
14,-47,wNJcemAxQ3ZtG+h2WriLpJPwmh0=,lpwc5cvFN3yNDMM8122SfTmxORo=
13,-46,wNJcemAxQ3ZtG+h2WriLpJPwmh0=,lpwc5cvFN3yNDMM8122SfTmxORo=
10,-40,Ihra9D8deuJOHLcjjL27s8QDhJA=,gSrCLMRCULX32UTspDFFTEVP4Kw=
9,-36,kR5IlaIBKBgBUfnPdqAIo0NZxsU=,6g8CBerrJZI0K8df2TOGRY+b7T4=
10,-34,Ihra9D8deuJOHLcjjL27s8QDhJA=,6g8CBerrJZI0K8df2TOGRY+b7T4=
9,-40,eNHBrf+dq5b6DEalok8/AX9bxU0=,gSrCLMRCULX32UTspDFFTEVP4Kw=
10,-37,Ihra9D8deuJOHLcjjL27s8QDhJA=,gSrCLMRCULX32UTspDFFTEVP4Kw=
13,-47,wNJcemAxQ3ZtG+h2WriLpJPwmh0=,lpwc5cvFN3yNDMM8122SfTmxORo=
9,-34,eNHBrf+dq5b6DEalok8/AX9bxU0=,6g8CBerrJZI0K8df2TOGRY+b7T4=
13,-44,wNJcemAxQ3ZtG+h2WriLpJPwmh0=,D3QgbAQqHsltp6pt1dXZNJs+LOc=
12,-42,wNJcemAxQ3ZtG+h2WriLpJPwmh0=,D3QgbAQqHsltp6pt1dXZNJs+LOc=
13,-43,wNJcemAxQ3ZtG+h2WriLpJPwmh0=,D3QgbAQqHsltp6pt1dXZNJs+LOc=
13,-45,wNJcemAxQ3ZtG+h2WriLpJPwmh0=,lpwc5cvFN3yNDMM8122SfTmxORo=
12,-43,wNJcemAxQ3ZtG+h2WriLpJPwmh0=,D3QgbAQqHsltp6pt1dXZNJs+LOc=
13,-42,wNJcemAxQ3ZtG+h2WriLpJPwmh0=,D3QgbAQqHsltp6pt1dXZNJs+LOc=
12,-39,Z611yfadY+//RMlXlvA675wCkrg=,YHUaX/R8em9VJo+M4W3piL+xnEY=
12,-41,wNJcemAxQ3ZtG+h2WriLpJPwmh0=,D3QgbAQqHsltp6pt1dXZNJs+LOc=
12,-40,eNHBrf+dq5b6DEalok8/AX9bxU0=,YHUaX/R8em9VJo+M4W3piL+xnEY=
13,-41,wNJcemAxQ3ZtG+h2WriLpJPwmh0=,D3QgbAQqHsltp6pt1dXZNJs+LOc=
12,-38,Z611yfadY+//RMlXlvA675wCkrg=,YHUaX/R8em9VJo+M4W3piL+xnEY=
14,-39,eNHBrf+dq5b6DEalok8/AX9bxU0=,YHUaX/R8em9VJo+M4W3piL+xnEY=
15,-40,eNHBrf+dq5b6DEalok8/AX9bxU0=,YHUaX/R8em9VJo+M4W3piL+xnEY=
15,-41,wNJcemAxQ3ZtG+h2WriLpJPwmh0=,D3QgbAQqHsltp6pt1dXZNJs+LOc=
15,-39,Ihra9D8deuJOHLcjjL27s8QDhJA=,YHUaX/R8em9VJo+M4W3piL+xnEY=
14,-41,wNJcemAxQ3ZtG+h2WriLpJPwmh0=,D3QgbAQqHsltp6pt1dXZNJs+LOc=
11,-40,eNHBrf+dq5b6DEalok8/AX9bxU0=,gSrCLMRCULX32UTspDFFTEVP4Kw=
14,-42,wNJcemAxQ3ZtG+h2WriLpJPwmh0=,D3QgbAQqHsltp6pt1dXZNJs+LOc=
13,-40,eNHBrf+dq5b6DEalok8/AX9bxU0=,YHUaX/R8em9VJo+M4W3piL+xnEY=
11,-39,Z611yfadY+//RMlXlvA675wCkrg=,gSrCLMRCULX32UTspDFFTEVP4Kw=
15,-42,wNJcemAxQ3ZtG+h2WriLpJPwmh0=,D3QgbAQqHsltp6pt1dXZNJs+LOc=
13,-39,eNHBrf+dq5b6DEalok8/AX9bxU0=,YHUaX/R8em9VJo+M4W3piL+xnEY=
11,-38,Ihra9D8deuJOHLcjjL27s8QDhJA=,gSrCLMRCULX32UTspDFFTEVP4Kw=
14,-40,eNHBrf+dq5b6DEalok8/AX9bxU0=,YHUaX/R8em9VJo+M4W3piL+xnEY=
9,-33,eNHBrf+dq5b6DEalok8/AX9bxU0=,6g8CBerrJZI0K8df2TOGRY+b7T4=
10,-33,Ihra9D8deuJOHLcjjL27s8QDhJA=,6g8CBerrJZI0K8df2TOGRY+b7T4=
11,-33,Ihra9D8deuJOHLcjjL27s8QDhJA=,6g8CBerrJZI0K8df2TOGRY+b7T4=
11,-34,Ihra9D8deuJOHLcjjL27s8QDhJA=,6g8CBerrJZI0K8df2TOGRY+b7T4=
11,-37,Ihra9D8deuJOHLcjjL27s8QDhJA=,gSrCLMRCULX32UTspDFFTEVP4Kw=
13,-36,Ihra9D8deuJOHLcjjL27s8QDhJA=,Zumwh3A7jUzOjd7zu5SXBPQe4n4=
11,-35,Ihra9D8deuJOHLcjjL27s8QDhJA=,6g8CBerrJZI0K8df2TOGRY+b7T4=
15,-38,Ihra9D8deuJOHLcjjL27s8QDhJA=,YHUaX/R8em9VJo+M4W3piL+xnEY=
12,-34,Ihra9D8deuJOHLcjjL27s8QDhJA=,Zumwh3A7jUzOjd7zu5SXBPQe4n4=
12,-36,Ihra9D8deuJOHLcjjL27s8QDhJA=,Zumwh3A7jUzOjd7zu5SXBPQe4n4=
14,-35,eNHBrf+dq5b6DEalok8/AX9bxU0=,Zumwh3A7jUzOjd7zu5SXBPQe4n4=
14,-36,Ihra9D8deuJOHLcjjL27s8QDhJA=,Zumwh3A7jUzOjd7zu5SXBPQe4n4=
15,-35,Ihra9D8deuJOHLcjjL27s8QDhJA=,Zumwh3A7jUzOjd7zu5SXBPQe4n4=
15,-36,Ihra9D8deuJOHLcjjL27s8QDhJA=,Zumwh3A7jUzOjd7zu5SXBPQe4n4=
11,-36,Ihra9D8deuJOHLcjjL27s8QDhJA=,6g8CBerrJZI0K8df2TOGRY+b7T4=
13,-33,Ihra9D8deuJOHLcjjL27s8QDhJA=,Zumwh3A7jUzOjd7zu5SXBPQe4n4=
14,-38,Ihra9D8deuJOHLcjjL27s8QDhJA=,YHUaX/R8em9VJo+M4W3piL+xnEY=
13,-37,Ihra9D8deuJOHLcjjL27s8QDhJA=,YHUaX/R8em9VJo+M4W3piL+xnEY=
13,-38,Ihra9D8deuJOHLcjjL27s8QDhJA=,YHUaX/R8em9VJo+M4W3piL+xnEY=
12,-37,Ihra9D8deuJOHLcjjL27s8QDhJA=,YHUaX/R8em9VJo+M4W3piL+xnEY=
14,-37,eNHBrf+dq5b6DEalok8/AX9bxU0=,YHUaX/R8em9VJo+M4W3piL+xnEY=
13,-35,Ihra9D8deuJOHLcjjL27s8QDhJA=,Zumwh3A7jUzOjd7zu5SXBPQe4n4=
15,-37,eNHBrf+dq5b6DEalok8/AX9bxU0=,YHUaX/R8em9VJo+M4W3piL+xnEY=
13,-34,Ihra9D8deuJOHLcjjL27s8QDhJA=,Zumwh3A7jUzOjd7zu5SXBPQe4n4=
12,-33,Ihra9D8deuJOHLcjjL27s8QDhJA=,Zumwh3A7jUzOjd7zu5SXBPQe4n4=
12,-35,eNHBrf+dq5b6DEalok8/AX9bxU0=,Zumwh3A7jUzOjd7zu5SXBPQe4n4=
5,-35,Z611yfadY+//RMlXlvA675wCkrg=,hBf8VpPcDIDQdCAXoiYJttBZ9rw=
7,-34,eNHBrf+dq5b6DEalok8/AX9bxU0=,hBf8VpPcDIDQdCAXoiYJttBZ9rw=
7,-35,kR5IlaIBKBgBUfnPdqAIo0NZxsU=,hBf8VpPcDIDQdCAXoiYJttBZ9rw=
8,-35,kR5IlaIBKBgBUfnPdqAIo0NZxsU=,6g8CBerrJZI0K8df2TOGRY+b7T4=
6,-35,kR5IlaIBKBgBUfnPdqAIo0NZxsU=,hBf8VpPcDIDQdCAXoiYJttBZ9rw=
8,-34,eNHBrf+dq5b6DEalok8/AX9bxU0=,6g8CBerrJZI0K8df2TOGRY+b7T4=
6,-34,eNHBrf+dq5b6DEalok8/AX9bxU0=,hBf8VpPcDIDQdCAXoiYJttBZ9rw=
6,-39,OXZ8Vn8uUe6G+q4ESMkIM3A1QrQ=,ZVkmcn2pp59Fgu7fIBdHjBaLSes=
8,-39,uubUc5FLauMPH/sj+eeNHpxE+Xo=,gSrCLMRCULX32UTspDFFTEVP4Kw=
8,-36,kR5IlaIBKBgBUfnPdqAIo0NZxsU=,6g8CBerrJZI0K8df2TOGRY+b7T4=
7,-39,uubUc5FLauMPH/sj+eeNHpxE+Xo=,ZVkmcn2pp59Fgu7fIBdHjBaLSes=
6,-36,kR5IlaIBKBgBUfnPdqAIo0NZxsU=,hBf8VpPcDIDQdCAXoiYJttBZ9rw=
7,-37,kR5IlaIBKBgBUfnPdqAIo0NZxsU=,ZVkmcn2pp59Fgu7fIBdHjBaLSes=
6,-38,kR5IlaIBKBgBUfnPdqAIo0NZxsU=,ZVkmcn2pp59Fgu7fIBdHjBaLSes=
7,-38,kR5IlaIBKBgBUfnPdqAIo0NZxsU=,ZVkmcn2pp59Fgu7fIBdHjBaLSes=
7,-36,kR5IlaIBKBgBUfnPdqAIo0NZxsU=,hBf8VpPcDIDQdCAXoiYJttBZ9rw=
6,-37,kR5IlaIBKBgBUfnPdqAIo0NZxsU=,ZVkmcn2pp59Fgu7fIBdHjBaLSes=
8,-37,kR5IlaIBKBgBUfnPdqAIo0NZxsU=,gSrCLMRCULX32UTspDFFTEVP4Kw=
8,-38,kR5IlaIBKBgBUfnPdqAIo0NZxsU=,gSrCLMRCULX32UTspDFFTEVP4Kw=
7,-40,eNHBrf+dq5b6DEalok8/AX9bxU0=,ZVkmcn2pp59Fgu7fIBdHjBaLSes=
6,-40,eNHBrf+dq5b6DEalok8/AX9bxU0=,ZVkmcn2pp59Fgu7fIBdHjBaLSes=
5,-43,Q11dvqDP2viskBDuLJc84hS4b1s=,TV3Ba81TFIL+ebkz4j+V7Xy6Wi8=
7,-41,h9C1UPkqM03t9qzJc7wuxqZMsb8=,TV3Ba81TFIL+ebkz4j+V7Xy6Wi8=
6,-41,Q11dvqDP2viskBDuLJc84hS4b1s=,TV3Ba81TFIL+ebkz4j+V7Xy6Wi8=
8,-40,eNHBrf+dq5b6DEalok8/AX9bxU0=,gSrCLMRCULX32UTspDFFTEVP4Kw=
6,-42,Q11dvqDP2viskBDuLJc84hS4b1s=,TV3Ba81TFIL+ebkz4j+V7Xy6Wi8=
6,-43,Q11dvqDP2viskBDuLJc84hS4b1s=,TV3Ba81TFIL+ebkz4j+V7Xy6Wi8=
5,-42,Q11dvqDP2viskBDuLJc84hS4b1s=,TV3Ba81TFIL+ebkz4j+V7Xy6Wi8=
7,-42,h9C1UPkqM03t9qzJc7wuxqZMsb8=,TV3Ba81TFIL+ebkz4j+V7Xy6Wi8=
7,-43,h9C1UPkqM03t9qzJc7wuxqZMsb8=,TV3Ba81TFIL+ebkz4j+V7Xy6Wi8=
3,-38,Z611yfadY+//RMlXlvA675wCkrg=,Xn+o+u50yJZsDwp87uWawnwacvQ=
5,-37,Z611yfadY+//RMlXlvA675wCkrg=,ZVkmcn2pp59Fgu7fIBdHjBaLSes=
4,-36,Z611yfadY+//RMlXlvA675wCkrg=,hBf8VpPcDIDQdCAXoiYJttBZ9rw=
3,-37,Z611yfadY+//RMlXlvA675wCkrg=,Xn+o+u50yJZsDwp87uWawnwacvQ=
5,-38,Z611yfadY+//RMlXlvA675wCkrg=,ZVkmcn2pp59Fgu7fIBdHjBaLSes=
5,-36,Z611yfadY+//RMlXlvA675wCkrg=,hBf8VpPcDIDQdCAXoiYJttBZ9rw=
4,-35,Z611yfadY+//RMlXlvA675wCkrg=,hBf8VpPcDIDQdCAXoiYJttBZ9rw=
2,-37,Z611yfadY+//RMlXlvA675wCkrg=,Xn+o+u50yJZsDwp87uWawnwacvQ=
4,-37,Z611yfadY+//RMlXlvA675wCkrg=,ZVkmcn2pp59Fgu7fIBdHjBaLSes=
2,-35,Z611yfadY+//RMlXlvA675wCkrg=,+ukDQpcxcDDGNMnfq+PARwgRrkM=
3,-36,Z611yfadY+//RMlXlvA675wCkrg=,+ukDQpcxcDDGNMnfq+PARwgRrkM=
3,-35,Z611yfadY+//RMlXlvA675wCkrg=,+ukDQpcxcDDGNMnfq+PARwgRrkM=
2,-38,Z611yfadY+//RMlXlvA675wCkrg=,Xn+o+u50yJZsDwp87uWawnwacvQ=
4,-38,Z611yfadY+//RMlXlvA675wCkrg=,ZVkmcn2pp59Fgu7fIBdHjBaLSes=
2,-36,Z611yfadY+//RMlXlvA675wCkrg=,+ukDQpcxcDDGNMnfq+PARwgRrkM=
5,-46,GZF5Gl/WdH7jI3lH2e4zvLcmw1A=,w3lKHRByrTxCpL8FmeC0qp2jXdI=
5,-44,h9C1UPkqM03t9qzJc7wuxqZMsb8=,TV3Ba81TFIL+ebkz4j+V7Xy6Wi8=
6,-46,GZF5Gl/WdH7jI3lH2e4zvLcmw1A=,w3lKHRByrTxCpL8FmeC0qp2jXdI=
6,-45,GZF5Gl/WdH7jI3lH2e4zvLcmw1A=,w3lKHRByrTxCpL8FmeC0qp2jXdI=
6,-47,GZF5Gl/WdH7jI3lH2e4zvLcmw1A=,w3lKHRByrTxCpL8FmeC0qp2jXdI=
6,-44,h9C1UPkqM03t9qzJc7wuxqZMsb8=,TV3Ba81TFIL+ebkz4j+V7Xy6Wi8=
5,-47,GZF5Gl/WdH7jI3lH2e4zvLcmw1A=,w3lKHRByrTxCpL8FmeC0qp2jXdI=
5,-45,GZF5Gl/WdH7jI3lH2e4zvLcmw1A=,w3lKHRByrTxCpL8FmeC0qp2jXdI=
7,-44,7R0LDcC2KYNVIUiGLPyDC6/vvUM=,TV3Ba81TFIL+ebkz4j+V7Xy6Wi8=
12,-44,GZF5Gl/WdH7jI3lH2e4zvLcmw1A=,D3QgbAQqHsltp6pt1dXZNJs+LOc=
7,-46,GZF5Gl/WdH7jI3lH2e4zvLcmw1A=,w3lKHRByrTxCpL8FmeC0qp2jXdI=
12,-47,GZF5Gl/WdH7jI3lH2e4zvLcmw1A=,lpwc5cvFN3yNDMM8122SfTmxORo=
7,-45,GZF5Gl/WdH7jI3lH2e4zvLcmw1A=,w3lKHRByrTxCpL8FmeC0qp2jXdI=
12,-46,GZF5Gl/WdH7jI3lH2e4zvLcmw1A=,lpwc5cvFN3yNDMM8122SfTmxORo=
12,-45,GZF5Gl/WdH7jI3lH2e4zvLcmw1A=,lpwc5cvFN3yNDMM8122SfTmxORo=
7,-47,GZF5Gl/WdH7jI3lH2e4zvLcmw1A=,w3lKHRByrTxCpL8FmeC0qp2jXdI=
4,-43,O/hKoq/A6B252EAz22pSzh0du+A=,TV3Ba81TFIL+ebkz4j+V7Xy6Wi8=
4,-42,O/hKoq/A6B252EAz22pSzh0du+A=,TV3Ba81TFIL+ebkz4j+V7Xy6Wi8=
5,-48,GZF5Gl/WdH7jI3lH2e4zvLcmw1A=,w3lKHRByrTxCpL8FmeC0qp2jXdI=
4,-41,O/hKoq/A6B252EAz22pSzh0du+A=,TV3Ba81TFIL+ebkz4j+V7Xy6Wi8=
6,-48,GZF5Gl/WdH7jI3lH2e4zvLcmw1A=,w3lKHRByrTxCpL8FmeC0qp2jXdI=
3,-41,LIyeD7YYmYPTJmoCqmvxphcrDuY=,MdEnA62Y7XhyWWKp8Ir25u554m0=
2,-40,LIyeD7YYmYPTJmoCqmvxphcrDuY=,Xn+o+u50yJZsDwp87uWawnwacvQ=
4,-40,eNHBrf+dq5b6DEalok8/AX9bxU0=,ZVkmcn2pp59Fgu7fIBdHjBaLSes=
2,-41,LIyeD7YYmYPTJmoCqmvxphcrDuY=,MdEnA62Y7XhyWWKp8Ir25u554m0=
2,-39,LIyeD7YYmYPTJmoCqmvxphcrDuY=,Xn+o+u50yJZsDwp87uWawnwacvQ=
3,-40,LIyeD7YYmYPTJmoCqmvxphcrDuY=,Xn+o+u50yJZsDwp87uWawnwacvQ=
3,-39,LIyeD7YYmYPTJmoCqmvxphcrDuY=,Xn+o+u50yJZsDwp87uWawnwacvQ=
5,-41,O/hKoq/A6B252EAz22pSzh0du+A=,TV3Ba81TFIL+ebkz4j+V7Xy6Wi8=
5,-39,LIyeD7YYmYPTJmoCqmvxphcrDuY=,ZVkmcn2pp59Fgu7fIBdHjBaLSes=
3,-42,LIyeD7YYmYPTJmoCqmvxphcrDuY=,MdEnA62Y7XhyWWKp8Ir25u554m0=
5,-40,eNHBrf+dq5b6DEalok8/AX9bxU0=,ZVkmcn2pp59Fgu7fIBdHjBaLSes=
2,-42,LIyeD7YYmYPTJmoCqmvxphcrDuY=,MdEnA62Y7XhyWWKp8Ir25u554m0=
4,-39,LIyeD7YYmYPTJmoCqmvxphcrDuY=,ZVkmcn2pp59Fgu7fIBdHjBaLSes=
0,-42,eNHBrf+dq5b6DEalok8/AX9bxU0=,MdEnA62Y7XhyWWKp8Ir25u554m0=
1,-36,eNHBrf+dq5b6DEalok8/AX9bxU0=,+ukDQpcxcDDGNMnfq+PARwgRrkM=
0,-38,eNHBrf+dq5b6DEalok8/AX9bxU0=,Xn+o+u50yJZsDwp87uWawnwacvQ=
1,-41,eNHBrf+dq5b6DEalok8/AX9bxU0=,MdEnA62Y7XhyWWKp8Ir25u554m0=
0,-35,eNHBrf+dq5b6DEalok8/AX9bxU0=,+ukDQpcxcDDGNMnfq+PARwgRrkM=
1,-38,eNHBrf+dq5b6DEalok8/AX9bxU0=,Xn+o+u50yJZsDwp87uWawnwacvQ=
1,-42,eNHBrf+dq5b6DEalok8/AX9bxU0=,MdEnA62Y7XhyWWKp8Ir25u554m0=
1,-39,eNHBrf+dq5b6DEalok8/AX9bxU0=,Xn+o+u50yJZsDwp87uWawnwacvQ=
1,-40,eNHBrf+dq5b6DEalok8/AX9bxU0=,Xn+o+u50yJZsDwp87uWawnwacvQ=
1,-37,eNHBrf+dq5b6DEalok8/AX9bxU0=,Xn+o+u50yJZsDwp87uWawnwacvQ=
0,-37,eNHBrf+dq5b6DEalok8/AX9bxU0=,Xn+o+u50yJZsDwp87uWawnwacvQ=
0,-40,eNHBrf+dq5b6DEalok8/AX9bxU0=,Xn+o+u50yJZsDwp87uWawnwacvQ=
0,-41,eNHBrf+dq5b6DEalok8/AX9bxU0=,MdEnA62Y7XhyWWKp8Ir25u554m0=
1,-35,eNHBrf+dq5b6DEalok8/AX9bxU0=,+ukDQpcxcDDGNMnfq+PARwgRrkM=
0,-39,eNHBrf+dq5b6DEalok8/AX9bxU0=,Xn+o+u50yJZsDwp87uWawnwacvQ=
0,-36,eNHBrf+dq5b6DEalok8/AX9bxU0=,+ukDQpcxcDDGNMnfq+PARwgRrkM=
3,-46,LIyeD7YYmYPTJmoCqmvxphcrDuY=,Se+njnA6Lw3ExFHCFAAikJiGtA0=
0,-43,LIyeD7YYmYPTJmoCqmvxphcrDuY=,MdEnA62Y7XhyWWKp8Ir25u554m0=
3,-43,LIyeD7YYmYPTJmoCqmvxphcrDuY=,MdEnA62Y7XhyWWKp8Ir25u554m0=
2,-43,LIyeD7YYmYPTJmoCqmvxphcrDuY=,MdEnA62Y7XhyWWKp8Ir25u554m0=
4,-46,GZF5Gl/WdH7jI3lH2e4zvLcmw1A=,w3lKHRByrTxCpL8FmeC0qp2jXdI=
4,-47,GZF5Gl/WdH7jI3lH2e4zvLcmw1A=,w3lKHRByrTxCpL8FmeC0qp2jXdI=
1,-43,LIyeD7YYmYPTJmoCqmvxphcrDuY=,MdEnA62Y7XhyWWKp8Ir25u554m0=
3,-48,LIyeD7YYmYPTJmoCqmvxphcrDuY=,Se+njnA6Lw3ExFHCFAAikJiGtA0=
2,-47,LIyeD7YYmYPTJmoCqmvxphcrDuY=,Se+njnA6Lw3ExFHCFAAikJiGtA0=
2,-45,LIyeD7YYmYPTJmoCqmvxphcrDuY=,Se+njnA6Lw3ExFHCFAAikJiGtA0=
1,-48,LIyeD7YYmYPTJmoCqmvxphcrDuY=,Se+njnA6Lw3ExFHCFAAikJiGtA0=
0,-48,LIyeD7YYmYPTJmoCqmvxphcrDuY=,Se+njnA6Lw3ExFHCFAAikJiGtA0=
4,-44,7R0LDcC2KYNVIUiGLPyDC6/vvUM=,TV3Ba81TFIL+ebkz4j+V7Xy6Wi8=
1,-47,LIyeD7YYmYPTJmoCqmvxphcrDuY=,Se+njnA6Lw3ExFHCFAAikJiGtA0=
3,-44,LIyeD7YYmYPTJmoCqmvxphcrDuY=,MdEnA62Y7XhyWWKp8Ir25u554m0=
2,-48,LIyeD7YYmYPTJmoCqmvxphcrDuY=,Se+njnA6Lw3ExFHCFAAikJiGtA0=
4,-48,GZF5Gl/WdH7jI3lH2e4zvLcmw1A=,w3lKHRByrTxCpL8FmeC0qp2jXdI=
0,-47,LIyeD7YYmYPTJmoCqmvxphcrDuY=,Se+njnA6Lw3ExFHCFAAikJiGtA0=
1,-46,LIyeD7YYmYPTJmoCqmvxphcrDuY=,Se+njnA6Lw3ExFHCFAAikJiGtA0=
2,-46,LIyeD7YYmYPTJmoCqmvxphcrDuY=,Se+njnA6Lw3ExFHCFAAikJiGtA0=
3,-47,LIyeD7YYmYPTJmoCqmvxphcrDuY=,Se+njnA6Lw3ExFHCFAAikJiGtA0=
1,-44,LIyeD7YYmYPTJmoCqmvxphcrDuY=,MdEnA62Y7XhyWWKp8Ir25u554m0=
4,-45,zoXSnh8hTwgFFT3MpIgKl7dC/Vg=,w3lKHRByrTxCpL8FmeC0qp2jXdI=
2,-44,LIyeD7YYmYPTJmoCqmvxphcrDuY=,MdEnA62Y7XhyWWKp8Ir25u554m0=
3,-45,LIyeD7YYmYPTJmoCqmvxphcrDuY=,Se+njnA6Lw3ExFHCFAAikJiGtA0=
0,-45,LIyeD7YYmYPTJmoCqmvxphcrDuY=,Se+njnA6Lw3ExFHCFAAikJiGtA0=
0,-46,LIyeD7YYmYPTJmoCqmvxphcrDuY=,Se+njnA6Lw3ExFHCFAAikJiGtA0=
15,-46,zoXSnh8hTwgFFT3MpIgKl7dC/Vg=,lpwc5cvFN3yNDMM8122SfTmxORo=
7,-48,zoXSnh8hTwgFFT3MpIgKl7dC/Vg=,w3lKHRByrTxCpL8FmeC0qp2jXdI=
1,-45,LIyeD7YYmYPTJmoCqmvxphcrDuY=,Se+njnA6Lw3ExFHCFAAikJiGtA0=
14,-44,zoXSnh8hTwgFFT3MpIgKl7dC/Vg=,D3QgbAQqHsltp6pt1dXZNJs+LOc=
15,-43,zoXSnh8hTwgFFT3MpIgKl7dC/Vg=,D3QgbAQqHsltp6pt1dXZNJs+LOc=
0,-33,eNHBrf+dq5b6DEalok8/AX9bxU0=,+ukDQpcxcDDGNMnfq+PARwgRrkM=
1,-34,eNHBrf+dq5b6DEalok8/AX9bxU0=,+ukDQpcxcDDGNMnfq+PARwgRrkM=
12,-48,zoXSnh8hTwgFFT3MpIgKl7dC/Vg=,lpwc5cvFN3yNDMM8122SfTmxORo=
15,-47,zoXSnh8hTwgFFT3MpIgKl7dC/Vg=,lpwc5cvFN3yNDMM8122SfTmxORo=
14,-45,zoXSnh8hTwgFFT3MpIgKl7dC/Vg=,lpwc5cvFN3yNDMM8122SfTmxORo=
15,-48,zoXSnh8hTwgFFT3MpIgKl7dC/Vg=,lpwc5cvFN3yNDMM8122SfTmxORo=
15,-33,eNHBrf+dq5b6DEalok8/AX9bxU0=,Zumwh3A7jUzOjd7zu5SXBPQe4n4=
15,-45,zoXSnh8hTwgFFT3MpIgKl7dC/Vg=,lpwc5cvFN3yNDMM8122SfTmxORo=
13,-48,zoXSnh8hTwgFFT3MpIgKl7dC/Vg=,lpwc5cvFN3yNDMM8122SfTmxORo=
14,-48,zoXSnh8hTwgFFT3MpIgKl7dC/Vg=,lpwc5cvFN3yNDMM8122SfTmxORo=
2,-34,eNHBrf+dq5b6DEalok8/AX9bxU0=,+ukDQpcxcDDGNMnfq+PARwgRrkM=
15,-44,zoXSnh8hTwgFFT3MpIgKl7dC/Vg=,D3QgbAQqHsltp6pt1dXZNJs+LOc=
1,-33,eNHBrf+dq5b6DEalok8/AX9bxU0=,+ukDQpcxcDDGNMnfq+PARwgRrkM=
8,-33,eNHBrf+dq5b6DEalok8/AX9bxU0=,6g8CBerrJZI0K8df2TOGRY+b7T4=
0,-44,LIyeD7YYmYPTJmoCqmvxphcrDuY=,MdEnA62Y7XhyWWKp8Ir25u554m0=
14,-43,zoXSnh8hTwgFFT3MpIgKl7dC/Vg=,D3QgbAQqHsltp6pt1dXZNJs+LOc=
14,-34,eNHBrf+dq5b6DEalok8/AX9bxU0=,Zumwh3A7jUzOjd7zu5SXBPQe4n4=
0,-34,eNHBrf+dq5b6DEalok8/AX9bxU0=,+ukDQpcxcDDGNMnfq+PARwgRrkM=
2,-33,eNHBrf+dq5b6DEalok8/AX9bxU0=,+ukDQpcxcDDGNMnfq+PARwgRrkM=
5,-33,eNHBrf+dq5b6DEalok8/AX9bxU0=,hBf8VpPcDIDQdCAXoiYJttBZ9rw=
14,-33,eNHBrf+dq5b6DEalok8/AX9bxU0=,Zumwh3A7jUzOjd7zu5SXBPQe4n4=
4,-34,eNHBrf+dq5b6DEalok8/AX9bxU0=,hBf8VpPcDIDQdCAXoiYJttBZ9rw=
3,-33,eNHBrf+dq5b6DEalok8/AX9bxU0=,+ukDQpcxcDDGNMnfq+PARwgRrkM=
5,-34,eNHBrf+dq5b6DEalok8/AX9bxU0=,hBf8VpPcDIDQdCAXoiYJttBZ9rw=
15,-34,eNHBrf+dq5b6DEalok8/AX9bxU0=,Zumwh3A7jUzOjd7zu5SXBPQe4n4=
7,-33,eNHBrf+dq5b6DEalok8/AX9bxU0=,hBf8VpPcDIDQdCAXoiYJttBZ9rw=
6,-33,eNHBrf+dq5b6DEalok8/AX9bxU0=,hBf8VpPcDIDQdCAXoiYJttBZ9rw=
3,-34,eNHBrf+dq5b6DEalok8/AX9bxU0=,+ukDQpcxcDDGNMnfq+PARwgRrkM=
4,-33,eNHBrf+dq5b6DEalok8/AX9bxU0=,hBf8VpPcDIDQdCAXoiYJttBZ9rw=
30,-61,Pwru0DH/Qp44xvZqGvh5R9h2Tb8=,tMWJJ3p4NzQ2m3j3MYfp0vCkFlM=
29,-61,Pwru0DH/Qp44xvZqGvh5R9h2Tb8=,tMWJJ3p4NzQ2m3j3MYfp0vCkFlM=
26,-61,Pwru0DH/Qp44xvZqGvh5R9h2Tb8=,2yHBln+jf9Frh98bK0CPP7lqAs8=
27,-61,Pwru0DH/Qp44xvZqGvh5R9h2Tb8=,2yHBln+jf9Frh98bK0CPP7lqAs8=
25,-61,Pwru0DH/Qp44xvZqGvh5R9h2Tb8=,2yHBln+jf9Frh98bK0CPP7lqAs8=
28,-61,Pwru0DH/Qp44xvZqGvh5R9h2Tb8=,tMWJJ3p4NzQ2m3j3MYfp0vCkFlM=
29,-62,Pwru0DH/Qp44xvZqGvh5R9h2Tb8=,tMWJJ3p4NzQ2m3j3MYfp0vCkFlM=
28,-62,Pwru0DH/Qp44xvZqGvh5R9h2Tb8=,tMWJJ3p4NzQ2m3j3MYfp0vCkFlM=
30,-62,Pwru0DH/Qp44xvZqGvh5R9h2Tb8=,tMWJJ3p4NzQ2m3j3MYfp0vCkFlM=
26,-62,Pwru0DH/Qp44xvZqGvh5R9h2Tb8=,2yHBln+jf9Frh98bK0CPP7lqAs8=
27,-62,Pwru0DH/Qp44xvZqGvh5R9h2Tb8=,2yHBln+jf9Frh98bK0CPP7lqAs8=
24,-62,Pwru0DH/Qp44xvZqGvh5R9h2Tb8=,2yHBln+jf9Frh98bK0CPP7lqAs8=
24,-61,Pwru0DH/Qp44xvZqGvh5R9h2Tb8=,2yHBln+jf9Frh98bK0CPP7lqAs8=
31,-62,Pwru0DH/Qp44xvZqGvh5R9h2Tb8=,tMWJJ3p4NzQ2m3j3MYfp0vCkFlM=
31,-61,mTdWGaEWj79nsn1hmkKt5a2sZvQ=,tMWJJ3p4NzQ2m3j3MYfp0vCkFlM=
25,-62,mTdWGaEWj79nsn1hmkKt5a2sZvQ=,2yHBln+jf9Frh98bK0CPP7lqAs8=
31,-63,mTdWGaEWj79nsn1hmkKt5a2sZvQ=,tMWJJ3p4NzQ2m3j3MYfp0vCkFlM=
30,-64,mTdWGaEWj79nsn1hmkKt5a2sZvQ=,tMWJJ3p4NzQ2m3j3MYfp0vCkFlM=
31,-64,mTdWGaEWj79nsn1hmkKt5a2sZvQ=,tMWJJ3p4NzQ2m3j3MYfp0vCkFlM=
30,-63,mTdWGaEWj79nsn1hmkKt5a2sZvQ=,tMWJJ3p4NzQ2m3j3MYfp0vCkFlM=
25,-63,mTdWGaEWj79nsn1hmkKt5a2sZvQ=,2yHBln+jf9Frh98bK0CPP7lqAs8=
29,-63,mTdWGaEWj79nsn1hmkKt5a2sZvQ=,tMWJJ3p4NzQ2m3j3MYfp0vCkFlM=
24,-63,mTdWGaEWj79nsn1hmkKt5a2sZvQ=,2yHBln+jf9Frh98bK0CPP7lqAs8=
26,-64,mTdWGaEWj79nsn1hmkKt5a2sZvQ=,2yHBln+jf9Frh98bK0CPP7lqAs8=
28,-63,mTdWGaEWj79nsn1hmkKt5a2sZvQ=,tMWJJ3p4NzQ2m3j3MYfp0vCkFlM=
28,-64,mTdWGaEWj79nsn1hmkKt5a2sZvQ=,tMWJJ3p4NzQ2m3j3MYfp0vCkFlM=
26,-63,mTdWGaEWj79nsn1hmkKt5a2sZvQ=,2yHBln+jf9Frh98bK0CPP7lqAs8=
27,-63,mTdWGaEWj79nsn1hmkKt5a2sZvQ=,2yHBln+jf9Frh98bK0CPP7lqAs8=
25,-64,mTdWGaEWj79nsn1hmkKt5a2sZvQ=,2yHBln+jf9Frh98bK0CPP7lqAs8=
29,-64,mTdWGaEWj79nsn1hmkKt5a2sZvQ=,tMWJJ3p4NzQ2m3j3MYfp0vCkFlM=
24,-64,mTdWGaEWj79nsn1hmkKt5a2sZvQ=,2yHBln+jf9Frh98bK0CPP7lqAs8=
27,-64,mTdWGaEWj79nsn1hmkKt5a2sZvQ=,2yHBln+jf9Frh98bK0CPP7lqAs8=
2,-61,e72VmtMTWzADol+67E9Vyq3KshY=,0OyQzwgnMGO/v0uvnI1u0s2njQY=
9,-61,e72VmtMTWzADol+67E9Vyq3KshY=,uTGz4nCixMZkcVqXgtWt83iOWcE=
10,-61,e72VmtMTWzADol+67E9Vyq3KshY=,uTGz4nCixMZkcVqXgtWt83iOWcE=
1,-61,e72VmtMTWzADol+67E9Vyq3KshY=,0OyQzwgnMGO/v0uvnI1u0s2njQY=
6,-61,e72VmtMTWzADol+67E9Vyq3KshY=,96upXY0ea0LwsuQCBN62loiR4gQ=
4,-61,e72VmtMTWzADol+67E9Vyq3KshY=,96upXY0ea0LwsuQCBN62loiR4gQ=
5,-61,e72VmtMTWzADol+67E9Vyq3KshY=,96upXY0ea0LwsuQCBN62loiR4gQ=
7,-61,e72VmtMTWzADol+67E9Vyq3KshY=,96upXY0ea0LwsuQCBN62loiR4gQ=
3,-62,e72VmtMTWzADol+67E9Vyq3KshY=,0OyQzwgnMGO/v0uvnI1u0s2njQY=
4,-62,e72VmtMTWzADol+67E9Vyq3KshY=,96upXY0ea0LwsuQCBN62loiR4gQ=
7,-62,e72VmtMTWzADol+67E9Vyq3KshY=,96upXY0ea0LwsuQCBN62loiR4gQ=
2,-62,e72VmtMTWzADol+67E9Vyq3KshY=,0OyQzwgnMGO/v0uvnI1u0s2njQY=
8,-61,e72VmtMTWzADol+67E9Vyq3KshY=,uTGz4nCixMZkcVqXgtWt83iOWcE=
5,-62,e72VmtMTWzADol+67E9Vyq3KshY=,96upXY0ea0LwsuQCBN62loiR4gQ=
8,-62,e72VmtMTWzADol+67E9Vyq3KshY=,uTGz4nCixMZkcVqXgtWt83iOWcE=
3,-61,e72VmtMTWzADol+67E9Vyq3KshY=,0OyQzwgnMGO/v0uvnI1u0s2njQY=
9,-62,e72VmtMTWzADol+67E9Vyq3KshY=,uTGz4nCixMZkcVqXgtWt83iOWcE=
6,-62,e72VmtMTWzADol+67E9Vyq3KshY=,96upXY0ea0LwsuQCBN62loiR4gQ=
2,-63,YjHlaMDSRdLBdIEEfnmlXQN3SBQ=,0OyQzwgnMGO/v0uvnI1u0s2njQY=
11,-61,YjHlaMDSRdLBdIEEfnmlXQN3SBQ=,uTGz4nCixMZkcVqXgtWt83iOWcE=
12,-61,YjHlaMDSRdLBdIEEfnmlXQN3SBQ=,+cvn0ratqbGHzBmrTepcnNsz+vI=
14,-61,YjHlaMDSRdLBdIEEfnmlXQN3SBQ=,+cvn0ratqbGHzBmrTepcnNsz+vI=
13,-61,YjHlaMDSRdLBdIEEfnmlXQN3SBQ=,+cvn0ratqbGHzBmrTepcnNsz+vI=
5,-64,YjHlaMDSRdLBdIEEfnmlXQN3SBQ=,96upXY0ea0LwsuQCBN62loiR4gQ=
8,-63,YjHlaMDSRdLBdIEEfnmlXQN3SBQ=,uTGz4nCixMZkcVqXgtWt83iOWcE=
11,-64,YjHlaMDSRdLBdIEEfnmlXQN3SBQ=,uTGz4nCixMZkcVqXgtWt83iOWcE=
9,-64,YjHlaMDSRdLBdIEEfnmlXQN3SBQ=,uTGz4nCixMZkcVqXgtWt83iOWcE=
6,-64,YjHlaMDSRdLBdIEEfnmlXQN3SBQ=,96upXY0ea0LwsuQCBN62loiR4gQ=
13,-64,YjHlaMDSRdLBdIEEfnmlXQN3SBQ=,+cvn0ratqbGHzBmrTepcnNsz+vI=
12,-64,YjHlaMDSRdLBdIEEfnmlXQN3SBQ=,+cvn0ratqbGHzBmrTepcnNsz+vI=
5,-63,YjHlaMDSRdLBdIEEfnmlXQN3SBQ=,96upXY0ea0LwsuQCBN62loiR4gQ=
4,-63,YjHlaMDSRdLBdIEEfnmlXQN3SBQ=,96upXY0ea0LwsuQCBN62loiR4gQ=
7,-63,YjHlaMDSRdLBdIEEfnmlXQN3SBQ=,96upXY0ea0LwsuQCBN62loiR4gQ=
11,-62,YjHlaMDSRdLBdIEEfnmlXQN3SBQ=,uTGz4nCixMZkcVqXgtWt83iOWcE=
2,-64,YjHlaMDSRdLBdIEEfnmlXQN3SBQ=,0OyQzwgnMGO/v0uvnI1u0s2njQY=
12,-63,YjHlaMDSRdLBdIEEfnmlXQN3SBQ=,+cvn0ratqbGHzBmrTepcnNsz+vI=
10,-63,YjHlaMDSRdLBdIEEfnmlXQN3SBQ=,uTGz4nCixMZkcVqXgtWt83iOWcE=
10,-62,YjHlaMDSRdLBdIEEfnmlXQN3SBQ=,uTGz4nCixMZkcVqXgtWt83iOWcE=
13,-63,YjHlaMDSRdLBdIEEfnmlXQN3SBQ=,+cvn0ratqbGHzBmrTepcnNsz+vI=
3,-63,YjHlaMDSRdLBdIEEfnmlXQN3SBQ=,0OyQzwgnMGO/v0uvnI1u0s2njQY=
9,-63,YjHlaMDSRdLBdIEEfnmlXQN3SBQ=,uTGz4nCixMZkcVqXgtWt83iOWcE=
6,-63,YjHlaMDSRdLBdIEEfnmlXQN3SBQ=,96upXY0ea0LwsuQCBN62loiR4gQ=
8,-64,YjHlaMDSRdLBdIEEfnmlXQN3SBQ=,uTGz4nCixMZkcVqXgtWt83iOWcE=
3,-64,YjHlaMDSRdLBdIEEfnmlXQN3SBQ=,0OyQzwgnMGO/v0uvnI1u0s2njQY=
4,-64,YjHlaMDSRdLBdIEEfnmlXQN3SBQ=,96upXY0ea0LwsuQCBN62loiR4gQ=
12,-62,YjHlaMDSRdLBdIEEfnmlXQN3SBQ=,+cvn0ratqbGHzBmrTepcnNsz+vI=
11,-63,YjHlaMDSRdLBdIEEfnmlXQN3SBQ=,uTGz4nCixMZkcVqXgtWt83iOWcE=
13,-62,YjHlaMDSRdLBdIEEfnmlXQN3SBQ=,+cvn0ratqbGHzBmrTepcnNsz+vI=
7,-64,YjHlaMDSRdLBdIEEfnmlXQN3SBQ=,96upXY0ea0LwsuQCBN62loiR4gQ=
10,-64,YjHlaMDSRdLBdIEEfnmlXQN3SBQ=,uTGz4nCixMZkcVqXgtWt83iOWcE=
1,-63,YjHlaMDSRdLBdIEEfnmlXQN3SBQ=,0OyQzwgnMGO/v0uvnI1u0s2njQY=
1,-64,nOuP80wR7eD9ElRv1Zfq0gRPd9w=,0OyQzwgnMGO/v0uvnI1u0s2njQY=
0,-63,nOuP80wR7eD9ElRv1Zfq0gRPd9w=,0OyQzwgnMGO/v0uvnI1u0s2njQY=
14,-63,nOuP80wR7eD9ElRv1Zfq0gRPd9w=,+cvn0ratqbGHzBmrTepcnNsz+vI=
0,-64,nOuP80wR7eD9ElRv1Zfq0gRPd9w=,0OyQzwgnMGO/v0uvnI1u0s2njQY=
15,-62,nOuP80wR7eD9ElRv1Zfq0gRPd9w=,+cvn0ratqbGHzBmrTepcnNsz+vI=
1,-62,nOuP80wR7eD9ElRv1Zfq0gRPd9w=,0OyQzwgnMGO/v0uvnI1u0s2njQY=
0,-61,nOuP80wR7eD9ElRv1Zfq0gRPd9w=,0OyQzwgnMGO/v0uvnI1u0s2njQY=
14,-62,nOuP80wR7eD9ElRv1Zfq0gRPd9w=,+cvn0ratqbGHzBmrTepcnNsz+vI=
15,-63,nOuP80wR7eD9ElRv1Zfq0gRPd9w=,+cvn0ratqbGHzBmrTepcnNsz+vI=
14,-64,nOuP80wR7eD9ElRv1Zfq0gRPd9w=,+cvn0ratqbGHzBmrTepcnNsz+vI=
15,-61,nOuP80wR7eD9ElRv1Zfq0gRPd9w=,+cvn0ratqbGHzBmrTepcnNsz+vI=
0,-62,nOuP80wR7eD9ElRv1Zfq0gRPd9w=,0OyQzwgnMGO/v0uvnI1u0s2njQY=
15,-64,nOuP80wR7eD9ElRv1Zfq0gRPd9w=,+cvn0ratqbGHzBmrTepcnNsz+vI=
