58,67,+d6x5Jj4EuE2pnVlpIsKFK4Jd9I=,l2WPbMzGvzS5qwE/TqWmNJZySwk=
56,65,+d6x5Jj4EuE2pnVlpIsKFK4Jd9I=,l2WPbMzGvzS5qwE/TqWmNJZySwk=
56,66,+d6x5Jj4EuE2pnVlpIsKFK4Jd9I=,l2WPbMzGvzS5qwE/TqWmNJZySwk=
58,66,+d6x5Jj4EuE2pnVlpIsKFK4Jd9I=,l2WPbMzGvzS5qwE/TqWmNJZySwk=
57,65,+d6x5Jj4EuE2pnVlpIsKFK4Jd9I=,l2WPbMzGvzS5qwE/TqWmNJZySwk=
57,67,+d6x5Jj4EuE2pnVlpIsKFK4Jd9I=,l2WPbMzGvzS5qwE/TqWmNJZySwk=
57,64,+d6x5Jj4EuE2pnVlpIsKFK4Jd9I=,l2WPbMzGvzS5qwE/TqWmNJZySwk=
57,66,+d6x5Jj4EuE2pnVlpIsKFK4Jd9I=,l2WPbMzGvzS5qwE/TqWmNJZySwk=
61,77,erShMpOaS2csolRCd8gldEBwz7I=,83OaXOmXA7PQu7D7Nc3aC6O18mc=
62,78,erShMpOaS2csolRCd8gldEBwz7I=,83OaXOmXA7PQu7D7Nc3aC6O18mc=
61,79,erShMpOaS2csolRCd8gldEBwz7I=,83OaXOmXA7PQu7D7Nc3aC6O18mc=
63,78,erShMpOaS2csolRCd8gldEBwz7I=,83OaXOmXA7PQu7D7Nc3aC6O18mc=
60,77,erShMpOaS2csolRCd8gldEBwz7I=,83OaXOmXA7PQu7D7Nc3aC6O18mc=
63,77,erShMpOaS2csolRCd8gldEBwz7I=,83OaXOmXA7PQu7D7Nc3aC6O18mc=
60,79,erShMpOaS2csolRCd8gldEBwz7I=,83OaXOmXA7PQu7D7Nc3aC6O18mc=
56,67,+d6x5Jj4EuE2pnVlpIsKFK4Jd9I=,l2WPbMzGvzS5qwE/TqWmNJZySwk=
62,77,erShMpOaS2csolRCd8gldEBwz7I=,83OaXOmXA7PQu7D7Nc3aC6O18mc=
61,78,erShMpOaS2csolRCd8gldEBwz7I=,83OaXOmXA7PQu7D7Nc3aC6O18mc=
56,64,+d6x5Jj4EuE2pnVlpIsKFK4Jd9I=,l2WPbMzGvzS5qwE/TqWmNJZySwk=
62,79,erShMpOaS2csolRCd8gldEBwz7I=,83OaXOmXA7PQu7D7Nc3aC6O18mc=
63,79,erShMpOaS2csolRCd8gldEBwz7I=,83OaXOmXA7PQu7D7Nc3aC6O18mc=
60,78,erShMpOaS2csolRCd8gldEBwz7I=,83OaXOmXA7PQu7D7Nc3aC6O18mc=
63,76,erShMpOaS2csolRCd8gldEBwz7I=,83OaXOmXA7PQu7D7Nc3aC6O18mc=
61,75,erShMpOaS2csolRCd8gldEBwz7I=,vqWX3MOG16y7BjCaPv9Hm2szi+8=
63,73,erShMpOaS2csolRCd8gldEBwz7I=,vqWX3MOG16y7BjCaPv9Hm2szi+8=
62,76,erShMpOaS2csolRCd8gldEBwz7I=,83OaXOmXA7PQu7D7Nc3aC6O18mc=
61,76,erShMpOaS2csolRCd8gldEBwz7I=,83OaXOmXA7PQu7D7Nc3aC6O18mc=
62,72,erShMpOaS2csolRCd8gldEBwz7I=,vqWX3MOG16y7BjCaPv9Hm2szi+8=
59,67,+d6x5Jj4EuE2pnVlpIsKFK4Jd9I=,l2WPbMzGvzS5qwE/TqWmNJZySwk=
59,66,+d6x5Jj4EuE2pnVlpIsKFK4Jd9I=,l2WPbMzGvzS5qwE/TqWmNJZySwk=
61,74,erShMpOaS2csolRCd8gldEBwz7I=,vqWX3MOG16y7BjCaPv9Hm2szi+8=
60,74,erShMpOaS2csolRCd8gldEBwz7I=,vqWX3MOG16y7BjCaPv9Hm2szi+8=
62,74,erShMpOaS2csolRCd8gldEBwz7I=,vqWX3MOG16y7BjCaPv9Hm2szi+8=
63,75,erShMpOaS2csolRCd8gldEBwz7I=,vqWX3MOG16y7BjCaPv9Hm2szi+8=
60,67,+d6x5Jj4EuE2pnVlpIsKFK4Jd9I=,6t6xlHHL5BSIQugepiRDlOpERd4=
58,65,+d6x5Jj4EuE2pnVlpIsKFK4Jd9I=,l2WPbMzGvzS5qwE/TqWmNJZySwk=
61,73,erShMpOaS2csolRCd8gldEBwz7I=,vqWX3MOG16y7BjCaPv9Hm2szi+8=
60,73,erShMpOaS2csolRCd8gldEBwz7I=,vqWX3MOG16y7BjCaPv9Hm2szi+8=
58,64,+d6x5Jj4EuE2pnVlpIsKFK4Jd9I=,l2WPbMzGvzS5qwE/TqWmNJZySwk=
61,72,erShMpOaS2csolRCd8gldEBwz7I=,vqWX3MOG16y7BjCaPv9Hm2szi+8=
62,65,+d6x5Jj4EuE2pnVlpIsKFK4Jd9I=,6t6xlHHL5BSIQugepiRDlOpERd4=
59,64,+d6x5Jj4EuE2pnVlpIsKFK4Jd9I=,l2WPbMzGvzS5qwE/TqWmNJZySwk=
60,64,+d6x5Jj4EuE2pnVlpIsKFK4Jd9I=,6t6xlHHL5BSIQugepiRDlOpERd4=
63,72,erShMpOaS2csolRCd8gldEBwz7I=,vqWX3MOG16y7BjCaPv9Hm2szi+8=
61,67,+d6x5Jj4EuE2pnVlpIsKFK4Jd9I=,6t6xlHHL5BSIQugepiRDlOpERd4=
60,72,erShMpOaS2csolRCd8gldEBwz7I=,vqWX3MOG16y7BjCaPv9Hm2szi+8=
62,73,erShMpOaS2csolRCd8gldEBwz7I=,vqWX3MOG16y7BjCaPv9Hm2szi+8=
60,66,+d6x5Jj4EuE2pnVlpIsKFK4Jd9I=,6t6xlHHL5BSIQugepiRDlOpERd4=
63,67,+d6x5Jj4EuE2pnVlpIsKFK4Jd9I=,6t6xlHHL5BSIQugepiRDlOpERd4=
60,75,erShMpOaS2csolRCd8gldEBwz7I=,vqWX3MOG16y7BjCaPv9Hm2szi+8=
61,66,+d6x5Jj4EuE2pnVlpIsKFK4Jd9I=,6t6xlHHL5BSIQugepiRDlOpERd4=
63,66,+d6x5Jj4EuE2pnVlpIsKFK4Jd9I=,6t6xlHHL5BSIQugepiRDlOpERd4=
60,76,erShMpOaS2csolRCd8gldEBwz7I=,83OaXOmXA7PQu7D7Nc3aC6O18mc=
62,66,+d6x5Jj4EuE2pnVlpIsKFK4Jd9I=,6t6xlHHL5BSIQugepiRDlOpERd4=
62,64,+d6x5Jj4EuE2pnVlpIsKFK4Jd9I=,6t6xlHHL5BSIQugepiRDlOpERd4=
62,67,+d6x5Jj4EuE2pnVlpIsKFK4Jd9I=,6t6xlHHL5BSIQugepiRDlOpERd4=
63,74,erShMpOaS2csolRCd8gldEBwz7I=,vqWX3MOG16y7BjCaPv9Hm2szi+8=
63,64,+d6x5Jj4EuE2pnVlpIsKFK4Jd9I=,6t6xlHHL5BSIQugepiRDlOpERd4=
60,65,+d6x5Jj4EuE2pnVlpIsKFK4Jd9I=,6t6xlHHL5BSIQugepiRDlOpERd4=
59,65,+d6x5Jj4EuE2pnVlpIsKFK4Jd9I=,l2WPbMzGvzS5qwE/TqWmNJZySwk=
61,64,+d6x5Jj4EuE2pnVlpIsKFK4Jd9I=,6t6xlHHL5BSIQugepiRDlOpERd4=
62,75,erShMpOaS2csolRCd8gldEBwz7I=,vqWX3MOG16y7BjCaPv9Hm2szi+8=
61,65,+d6x5Jj4EuE2pnVlpIsKFK4Jd9I=,6t6xlHHL5BSIQugepiRDlOpERd4=
63,65,+d6x5Jj4EuE2pnVlpIsKFK4Jd9I=,6t6xlHHL5BSIQugepiRDlOpERd4=
38,67,0/4O7is/3ERt4KdxCdNTehnxkGI=,QYxmOofcJ4ezh/Qt2BY1pu9fjwU=
45,67,0/4O7is/3ERt4KdxCdNTehnxkGI=,MgBO0KXS3npLP2ifAfqu+CAJJ7c=
46,67,0/4O7is/3ERt4KdxCdNTehnxkGI=,MgBO0KXS3npLP2ifAfqu+CAJJ7c=
37,67,0/4O7is/3ERt4KdxCdNTehnxkGI=,QYxmOofcJ4ezh/Qt2BY1pu9fjwU=
39,67,0/4O7is/3ERt4KdxCdNTehnxkGI=,QYxmOofcJ4ezh/Qt2BY1pu9fjwU=
44,67,0/4O7is/3ERt4KdxCdNTehnxkGI=,MgBO0KXS3npLP2ifAfqu+CAJJ7c=
43,66,0/4O7is/3ERt4KdxCdNTehnxkGI=,JIAlhmI9WRZIpOwzLYSNh7FHjKc=
38,66,0/4O7is/3ERt4KdxCdNTehnxkGI=,QYxmOofcJ4ezh/Qt2BY1pu9fjwU=
42,67,0/4O7is/3ERt4KdxCdNTehnxkGI=,JIAlhmI9WRZIpOwzLYSNh7FHjKc=
39,66,0/4O7is/3ERt4KdxCdNTehnxkGI=,QYxmOofcJ4ezh/Qt2BY1pu9fjwU=
41,66,0/4O7is/3ERt4KdxCdNTehnxkGI=,JIAlhmI9WRZIpOwzLYSNh7FHjKc=
43,67,0/4O7is/3ERt4KdxCdNTehnxkGI=,JIAlhmI9WRZIpOwzLYSNh7FHjKc=
40,67,0/4O7is/3ERt4KdxCdNTehnxkGI=,JIAlhmI9WRZIpOwzLYSNh7FHjKc=
44,66,0/4O7is/3ERt4KdxCdNTehnxkGI=,MgBO0KXS3npLP2ifAfqu+CAJJ7c=
41,67,0/4O7is/3ERt4KdxCdNTehnxkGI=,JIAlhmI9WRZIpOwzLYSNh7FHjKc=
42,66,0/4O7is/3ERt4KdxCdNTehnxkGI=,JIAlhmI9WRZIpOwzLYSNh7FHjKc=
40,66,0/4O7is/3ERt4KdxCdNTehnxkGI=,JIAlhmI9WRZIpOwzLYSNh7FHjKc=
45,66,0/4O7is/3ERt4KdxCdNTehnxkGI=,MgBO0KXS3npLP2ifAfqu+CAJJ7c=
40,64,0/4O7is/3ERt4KdxCdNTehnxkGI=,JIAlhmI9WRZIpOwzLYSNh7FHjKc=
40,65,0/4O7is/3ERt4KdxCdNTehnxkGI=,JIAlhmI9WRZIpOwzLYSNh7FHjKc=
41,65,0/4O7is/3ERt4KdxCdNTehnxkGI=,JIAlhmI9WRZIpOwzLYSNh7FHjKc=
39,65,0/4O7is/3ERt4KdxCdNTehnxkGI=,QYxmOofcJ4ezh/Qt2BY1pu9fjwU=
38,64,0/4O7is/3ERt4KdxCdNTehnxkGI=,QYxmOofcJ4ezh/Qt2BY1pu9fjwU=
35,65,0/4O7is/3ERt4KdxCdNTehnxkGI=,X1bCvdyAiCJBwA54Tn+gYjEJFP8=
36,65,0/4O7is/3ERt4KdxCdNTehnxkGI=,QYxmOofcJ4ezh/Qt2BY1pu9fjwU=
33,67,0/4O7is/3ERt4KdxCdNTehnxkGI=,X1bCvdyAiCJBwA54Tn+gYjEJFP8=
37,66,0/4O7is/3ERt4KdxCdNTehnxkGI=,QYxmOofcJ4ezh/Qt2BY1pu9fjwU=
35,66,0/4O7is/3ERt4KdxCdNTehnxkGI=,X1bCvdyAiCJBwA54Tn+gYjEJFP8=
34,64,0/4O7is/3ERt4KdxCdNTehnxkGI=,X1bCvdyAiCJBwA54Tn+gYjEJFP8=
35,64,0/4O7is/3ERt4KdxCdNTehnxkGI=,X1bCvdyAiCJBwA54Tn+gYjEJFP8=
36,64,0/4O7is/3ERt4KdxCdNTehnxkGI=,QYxmOofcJ4ezh/Qt2BY1pu9fjwU=
37,64,0/4O7is/3ERt4KdxCdNTehnxkGI=,QYxmOofcJ4ezh/Qt2BY1pu9fjwU=
38,65,0/4O7is/3ERt4KdxCdNTehnxkGI=,QYxmOofcJ4ezh/Qt2BY1pu9fjwU=
35,67,0/4O7is/3ERt4KdxCdNTehnxkGI=,X1bCvdyAiCJBwA54Tn+gYjEJFP8=
41,64,0/4O7is/3ERt4KdxCdNTehnxkGI=,JIAlhmI9WRZIpOwzLYSNh7FHjKc=
34,67,0/4O7is/3ERt4KdxCdNTehnxkGI=,X1bCvdyAiCJBwA54Tn+gYjEJFP8=
36,67,0/4O7is/3ERt4KdxCdNTehnxkGI=,QYxmOofcJ4ezh/Qt2BY1pu9fjwU=
39,64,0/4O7is/3ERt4KdxCdNTehnxkGI=,QYxmOofcJ4ezh/Qt2BY1pu9fjwU=
43,65,0/4O7is/3ERt4KdxCdNTehnxkGI=,JIAlhmI9WRZIpOwzLYSNh7FHjKc=
45,64,0/4O7is/3ERt4KdxCdNTehnxkGI=,MgBO0KXS3npLP2ifAfqu+CAJJ7c=
44,65,0/4O7is/3ERt4KdxCdNTehnxkGI=,MgBO0KXS3npLP2ifAfqu+CAJJ7c=
34,65,0/4O7is/3ERt4KdxCdNTehnxkGI=,X1bCvdyAiCJBwA54Tn+gYjEJFP8=
36,66,0/4O7is/3ERt4KdxCdNTehnxkGI=,QYxmOofcJ4ezh/Qt2BY1pu9fjwU=
45,65,0/4O7is/3ERt4KdxCdNTehnxkGI=,MgBO0KXS3npLP2ifAfqu+CAJJ7c=
44,64,0/4O7is/3ERt4KdxCdNTehnxkGI=,MgBO0KXS3npLP2ifAfqu+CAJJ7c=
43,64,0/4O7is/3ERt4KdxCdNTehnxkGI=,JIAlhmI9WRZIpOwzLYSNh7FHjKc=
34,66,0/4O7is/3ERt4KdxCdNTehnxkGI=,X1bCvdyAiCJBwA54Tn+gYjEJFP8=
37,65,0/4O7is/3ERt4KdxCdNTehnxkGI=,QYxmOofcJ4ezh/Qt2BY1pu9fjwU=
42,65,0/4O7is/3ERt4KdxCdNTehnxkGI=,JIAlhmI9WRZIpOwzLYSNh7FHjKc=
42,64,0/4O7is/3ERt4KdxCdNTehnxkGI=,JIAlhmI9WRZIpOwzLYSNh7FHjKc=
47,66,0/4O7is/3ERt4KdxCdNTehnxkGI=,MgBO0KXS3npLP2ifAfqu+CAJJ7c=
46,66,0/4O7is/3ERt4KdxCdNTehnxkGI=,MgBO0KXS3npLP2ifAfqu+CAJJ7c=
47,64,0/4O7is/3ERt4KdxCdNTehnxkGI=,MgBO0KXS3npLP2ifAfqu+CAJJ7c=
32,66,0/4O7is/3ERt4KdxCdNTehnxkGI=,X1bCvdyAiCJBwA54Tn+gYjEJFP8=
32,64,0/4O7is/3ERt4KdxCdNTehnxkGI=,X1bCvdyAiCJBwA54Tn+gYjEJFP8=
32,67,0/4O7is/3ERt4KdxCdNTehnxkGI=,X1bCvdyAiCJBwA54Tn+gYjEJFP8=
33,65,0/4O7is/3ERt4KdxCdNTehnxkGI=,X1bCvdyAiCJBwA54Tn+gYjEJFP8=
46,65,0/4O7is/3ERt4KdxCdNTehnxkGI=,MgBO0KXS3npLP2ifAfqu+CAJJ7c=
47,67,0/4O7is/3ERt4KdxCdNTehnxkGI=,MgBO0KXS3npLP2ifAfqu+CAJJ7c=
46,64,0/4O7is/3ERt4KdxCdNTehnxkGI=,MgBO0KXS3npLP2ifAfqu+CAJJ7c=
33,66,0/4O7is/3ERt4KdxCdNTehnxkGI=,X1bCvdyAiCJBwA54Tn+gYjEJFP8=
32,65,0/4O7is/3ERt4KdxCdNTehnxkGI=,X1bCvdyAiCJBwA54Tn+gYjEJFP8=
33,64,0/4O7is/3ERt4KdxCdNTehnxkGI=,X1bCvdyAiCJBwA54Tn+gYjEJFP8=
47,65,0/4O7is/3ERt4KdxCdNTehnxkGI=,MgBO0KXS3npLP2ifAfqu+CAJJ7c=
53,66,+d6x5Jj4EuE2pnVlpIsKFK4Jd9I=,edPAAPbDTbTpVt+ibNZzxCTPAgI=
54,66,+d6x5Jj4EuE2pnVlpIsKFK4Jd9I=,edPAAPbDTbTpVt+ibNZzxCTPAgI=
52,66,+d6x5Jj4EuE2pnVlpIsKFK4Jd9I=,edPAAPbDTbTpVt+ibNZzxCTPAgI=
51,66,+d6x5Jj4EuE2pnVlpIsKFK4Jd9I=,wyY7yowjsu+bKBhrA2L58Eb9U54=
49,66,+d6x5Jj4EuE2pnVlpIsKFK4Jd9I=,wyY7yowjsu+bKBhrA2L58Eb9U54=
49,67,+d6x5Jj4EuE2pnVlpIsKFK4Jd9I=,wyY7yowjsu+bKBhrA2L58Eb9U54=
50,66,+d6x5Jj4EuE2pnVlpIsKFK4Jd9I=,wyY7yowjsu+bKBhrA2L58Eb9U54=
50,67,+d6x5Jj4EuE2pnVlpIsKFK4Jd9I=,wyY7yowjsu+bKBhrA2L58Eb9U54=
53,64,+d6x5Jj4EuE2pnVlpIsKFK4Jd9I=,edPAAPbDTbTpVt+ibNZzxCTPAgI=
55,64,+d6x5Jj4EuE2pnVlpIsKFK4Jd9I=,edPAAPbDTbTpVt+ibNZzxCTPAgI=
54,65,+d6x5Jj4EuE2pnVlpIsKFK4Jd9I=,edPAAPbDTbTpVt+ibNZzxCTPAgI=
54,67,+d6x5Jj4EuE2pnVlpIsKFK4Jd9I=,edPAAPbDTbTpVt+ibNZzxCTPAgI=
53,67,+d6x5Jj4EuE2pnVlpIsKFK4Jd9I=,edPAAPbDTbTpVt+ibNZzxCTPAgI=
50,65,+d6x5Jj4EuE2pnVlpIsKFK4Jd9I=,wyY7yowjsu+bKBhrA2L58Eb9U54=
54,64,+d6x5Jj4EuE2pnVlpIsKFK4Jd9I=,edPAAPbDTbTpVt+ibNZzxCTPAgI=
55,67,+d6x5Jj4EuE2pnVlpIsKFK4Jd9I=,edPAAPbDTbTpVt+ibNZzxCTPAgI=
50,64,+d6x5Jj4EuE2pnVlpIsKFK4Jd9I=,wyY7yowjsu+bKBhrA2L58Eb9U54=
55,65,+d6x5Jj4EuE2pnVlpIsKFK4Jd9I=,edPAAPbDTbTpVt+ibNZzxCTPAgI=
51,67,+d6x5Jj4EuE2pnVlpIsKFK4Jd9I=,wyY7yowjsu+bKBhrA2L58Eb9U54=
53,65,+d6x5Jj4EuE2pnVlpIsKFK4Jd9I=,edPAAPbDTbTpVt+ibNZzxCTPAgI=
52,65,+d6x5Jj4EuE2pnVlpIsKFK4Jd9I=,edPAAPbDTbTpVt+ibNZzxCTPAgI=
52,64,+d6x5Jj4EuE2pnVlpIsKFK4Jd9I=,edPAAPbDTbTpVt+ibNZzxCTPAgI=
52,67,+d6x5Jj4EuE2pnVlpIsKFK4Jd9I=,edPAAPbDTbTpVt+ibNZzxCTPAgI=
55,66,+d6x5Jj4EuE2pnVlpIsKFK4Jd9I=,edPAAPbDTbTpVt+ibNZzxCTPAgI=
51,65,+d6x5Jj4EuE2pnVlpIsKFK4Jd9I=,wyY7yowjsu+bKBhrA2L58Eb9U54=
49,65,+d6x5Jj4EuE2pnVlpIsKFK4Jd9I=,wyY7yowjsu+bKBhrA2L58Eb9U54=
51,64,+d6x5Jj4EuE2pnVlpIsKFK4Jd9I=,wyY7yowjsu+bKBhrA2L58Eb9U54=
48,66,+d6x5Jj4EuE2pnVlpIsKFK4Jd9I=,wyY7yowjsu+bKBhrA2L58Eb9U54=
48,67,+d6x5Jj4EuE2pnVlpIsKFK4Jd9I=,wyY7yowjsu+bKBhrA2L58Eb9U54=
49,64,+d6x5Jj4EuE2pnVlpIsKFK4Jd9I=,wyY7yowjsu+bKBhrA2L58Eb9U54=
48,65,+d6x5Jj4EuE2pnVlpIsKFK4Jd9I=,wyY7yowjsu+bKBhrA2L58Eb9U54=
48,64,+d6x5Jj4EuE2pnVlpIsKFK4Jd9I=,wyY7yowjsu+bKBhrA2L58Eb9U54=
